Day,Total Subscribers,Subscribers Gained,Total Views,Views Gained
2022-06-03T00:00:00Z,8130000,0,538974007,0
2022-06-04T00:00:00Z,8140000,10000,540643450,1669443
2022-06-06T00:00:00Z,8210000,70000,545667441,5023991
2022-06-07T00:00:00Z,8230000,20000,548109756,2442315
2022-06-08T00:00:00Z,8250000,20000,550868674,2758918
2022-06-09T00:00:00Z,8270000,20000,553324965,2456291
2022-06-10T00:00:00Z,8330000,60000,555585771,2260806
2022-06-11T00:00:00Z,8370000,40000,560466457,4880686
2022-06-12T00:00:00Z,8400000,30000,563621857,3155400
2022-06-13T00:00:00Z,8420000,20000,567098550,3476693
2022-06-14T00:00:00Z,8450000,30000,569091246,1992696
2022-06-15T00:00:00Z,8480000,30000,570600134,1508888
2022-06-16T00:00:00Z,8500000,20000,572515897,1915763
2022-06-17T00:00:00Z,8530000,30000,575833185,3317288
2022-06-18T00:00:00Z,8560000,30000,578464068,2630883
2022-06-19T00:00:00Z,8590000,30000,580928611,2464543
2022-06-20T00:00:00Z,8630000,40000,583913551,2984940
2022-06-21T00:00:00Z,8660000,30000,587202193,3288642
2022-06-22T00:00:00Z,8690000,30000,590758312,3556119
2022-06-23T00:00:00Z,8710000,20000,592616749,1858437
2022-06-24T00:00:00Z,8730000,20000,593997336,1380587
2022-06-25T00:00:00Z,8760000,30000,596626481,2629145
2022-06-26T00:00:00Z,8780000,20000,598848964,2222483
2022-06-27T00:00:00Z,8810000,30000,601066542,2217578
2022-06-28T00:00:00Z,8840000,30000,603834963,2768421
2022-06-29T00:00:00Z,8880000,40000,605279280,1444317
2022-06-30T00:00:00Z,8920000,40000,608630870,3351590
2022-07-01T00:00:00Z,8950000,30000,612467842,3836972
2022-07-02T00:00:00Z,9020000,70000,615629558,3161716
2022-07-03T00:00:00Z,9090000,70000,618751289,3121731
2022-07-04T00:00:00Z,9130000,40000,621295169,2543880
2022-07-05T00:00:00Z,9210000,80000,624792677,3497508
2022-07-06T00:00:00Z,9270000,60000,630527432,5734755
2022-07-07T00:00:00Z,9330000,60000,635028830,4501398
2022-07-08T00:00:00Z,9370000,40000,639239159,4210329
2022-07-12T00:00:00Z,9560000,190000,651637088,12397929
2022-07-14T00:00:00Z,9630000,70000,657516583,5879495
2022-07-15T00:00:00Z,9670000,40000,659545173,2028590
2022-07-16T00:00:00Z,9700000,30000,662692173,3147000
2022-07-17T00:00:00Z,9720000,20000,665340602,2648429
2022-07-18T00:00:00Z,9770000,50000,667056730,1716128
2022-07-19T00:00:00Z,9820000,50000,669157858,2101128
2022-07-20T00:00:00Z,9870000,50000,673242042,4084184
2022-07-21T00:00:00Z,9930000,60000,676710055,3468013
2022-07-22T00:00:00Z,9980000,50000,678760947,2050892
2022-07-23T00:00:00Z,10000000,20000,682215496,3454549
2022-07-24T00:00:00Z,10100000,100000,684271417,2055921
2022-07-25T00:00:00Z,10100000,0,686422451,2151034
2022-07-26T00:00:00Z,10100000,0,687922575,1500124
2022-07-27T00:00:00Z,10200000,100000,689313172,1390597
2022-07-28T00:00:00Z,10200000,0,690687211,1374039
2022-07-29T00:00:00Z,10200000,0,691970177,1282966
2022-07-30T00:00:00Z,10300000,100000,694420476,2450299
2022-07-31T00:00:00Z,10300000,0,698108081,3687605
2022-08-01T00:00:00Z,10300000,0,700210772,2102691
2022-08-02T00:00:00Z,10300000,0,702958878,2748106
2022-08-03T00:00:00Z,10400000,100000,705403066,2444188
2022-08-04T00:00:00Z,10400000,0,707813887,2410821
2022-08-05T00:00:00Z,10400000,0,709856518,2042631
2022-08-06T00:00:00Z,10400000,0,711996518,2140000
2022-08-07T00:00:00Z,10400000,0,713746008,1749490
2022-08-08T00:00:00Z,10500000,100000,716899295,3153287
2022-08-09T00:00:00Z,10500000,0,719600468,2701173
2022-08-10T00:00:00Z,10500000,0,726329248,6728780
2022-08-11T00:00:00Z,10600000,100000,730429893,4100645
2022-08-12T00:00:00Z,10600000,0,733953169,3523276
2022-08-13T00:00:00Z,10600000,0,737053566,3100397
2022-08-14T00:00:00Z,10600000,0,739751695,2698129
2022-08-15T00:00:00Z,10600000,0,742236010,2484315
2022-08-16T00:00:00Z,10700000,100000,745729517,3493507
2022-08-17T00:00:00Z,10700000,0,748762759,3033242
2022-08-18T00:00:00Z,10700000,0,751679867,2917108
2022-08-19T00:00:00Z,10700000,0,753434133,1754266
2022-08-20T00:00:00Z,10700000,0,755322028,1887895
2022-08-21T00:00:00Z,10800000,100000,758649924,3327896
2022-08-22T00:00:00Z,10800000,0,761232642,2582718
2022-08-23T00:00:00Z,10800000,0,762604973,1372331
2022-08-24T00:00:00Z,10800000,0,765564585,2959612
2022-08-25T00:00:00Z,10800000,0,767043631,1479046
2022-08-26T00:00:00Z,10800000,0,767877919,834288
2022-08-27T00:00:00Z,10800000,0,770168518,2290599
2022-08-28T00:00:00Z,10900000,100000,772472868,2304350
2022-08-29T00:00:00Z,10900000,0,774587171,2114303
2022-08-30T00:00:00Z,10900000,0,776545910,1958739
2022-08-31T00:00:00Z,10900000,0,777870804,1324894
2022-09-01T00:00:00Z,10900000,0,778759112,888308
2022-09-02T00:00:00Z,10900000,0,779958505,1199393
2022-09-03T00:00:00Z,11000000,100000,781964343,2005838
2022-09-04T00:00:00Z,11000000,0,784397566,2433223
2022-09-05T00:00:00Z,11000000,0,786676612,2279046
2022-09-06T00:00:00Z,11000000,0,788368844,1692232
2022-09-07T00:00:00Z,11000000,0,789837878,1469034
2022-09-08T00:00:00Z,11000000,0,793104384,3266506
2022-09-09T00:00:00Z,11100000,100000,795290918,2186534
2022-09-10T00:00:00Z,11100000,0,796329368,1038450
2022-09-11T00:00:00Z,11100000,0,798474735,2145367
2022-09-12T00:00:00Z,11100000,0,800764184,2289449
2022-09-13T00:00:00Z,11100000,0,802410853,1646669
2022-09-14T00:00:00Z,11100000,0,803373259,962406
2022-09-15T00:00:00Z,11100000,0,805391038,2017779
2022-09-16T00:00:00Z,11100000,0,807735438,2344400
2022-09-17T00:00:00Z,11200000,100000,809722030,1986592
2022-09-18T00:00:00Z,11200000,0,811702444,1980414
2022-09-19T00:00:00Z,11200000,0,813191643,1489199
2022-09-20T00:00:00Z,11200000,0,815179770,1988127
2022-09-21T00:00:00Z,11200000,0,817562517,2382747
2022-09-22T00:00:00Z,11200000,0,819023402,1460885
2022-09-23T00:00:00Z,11200000,0,819049553,26151
2022-09-24T00:00:00Z,11300000,100000,819936196,886643
2022-09-25T00:00:00Z,11300000,0,821036797,1100601
2022-09-26T00:00:00Z,11400000,100000,822707516,1670719
2022-09-27T00:00:00Z,11400000,0,824175424,1467908
2022-09-28T00:00:00Z,11400000,0,825251984,1076560
2022-09-29T00:00:00Z,11500000,100000,826276456,1024472
2022-09-30T00:00:00Z,11500000,0,827307107,1030651
2022-10-01T00:00:00Z,11500000,0,828431393,1124286
2022-10-02T00:00:00Z,11500000,0,829736903,1305510
2022-10-03T00:00:00Z,11500000,0,830880580,1143677
2022-10-04T00:00:00Z,11500000,0,831824600,944020
2022-10-05T00:00:00Z,11600000,100000,832825930,1001330
2022-10-06T00:00:00Z,11600000,0,835408413,2582483
2022-10-07T00:00:00Z,11700000,100000,839327710,3919297
2022-10-08T00:00:00Z,11700000,0,841882777,2555067
2022-10-09T00:00:00Z,11800000,100000,844744871,2862094
2022-10-10T00:00:00Z,11800000,0,846693395,1948524
2022-10-11T00:00:00Z,11800000,0,848920382,2226987
2022-10-12T00:00:00Z,11900000,100000,850687512,1767130
2022-10-13T00:00:00Z,11900000,0,853196929,2509417
2022-10-14T00:00:00Z,11900000,0,855610596,2413667
2022-10-15T00:00:00Z,12000000,100000,857154419,1543823
2022-10-16T00:00:00Z,12000000,0,861335689,4181270
2022-10-17T00:00:00Z,12100000,100000,863558345,2222656
2022-10-18T00:00:00Z,12100000,0,865470623,1912278
2022-10-19T00:00:00Z,12100000,0,866463985,993362
2022-10-20T00:00:00Z,12200000,100000,867745620,1281635
2022-10-21T00:00:00Z,12200000,0,869422092,1676472
2022-10-22T00:00:00Z,12200000,0,872920158,3498066
2022-10-23T00:00:00Z,12200000,0,876337891,3417733
2022-10-24T00:00:00Z,12300000,100000,878602951,2265060
2022-10-25T00:00:00Z,12300000,0,879996356,1393405
2022-10-26T00:00:00Z,12300000,0,882151813,2155457
2022-10-27T00:00:00Z,12300000,0,885069580,2917767
2022-10-28T00:00:00Z,12400000,100000,888306740,3237160
2022-10-29T00:00:00Z,12400000,0,889718758,1412018
2022-10-30T00:00:00Z,12400000,0,892901200,3182442
2022-10-31T00:00:00Z,12400000,0,896497032,3595832
2022-11-01T00:00:00Z,12500000,100000,898105492,1608460
2022-11-02T00:00:00Z,12500000,0,900823080,2717588
2022-11-03T00:00:00Z,12500000,0,903177794,2354714
2022-11-04T00:00:00Z,12600000,100000,906634230,3456436
2022-11-05T00:00:00Z,12600000,0,909936484,3302254
2022-11-06T00:00:00Z,12700000,100000,915863661,5927177
2022-11-07T00:00:00Z,12700000,0,921894295,6030634
2022-11-08T00:00:00Z,12700000,0,925498874,3604579
2022-11-09T00:00:00Z,12800000,100000,928070564,2571690
2022-11-10T00:00:00Z,12800000,0,930446525,2375961
2022-11-11T00:00:00Z,12900000,100000,937316443,6869918
2022-11-12T00:00:00Z,13000000,100000,946089789,8773346
2022-11-13T00:00:00Z,13100000,100000,954473396,8383607
2022-11-14T00:00:00Z,13100000,0,957188111,2714715
2022-11-15T00:00:00Z,13200000,100000,959473791,2285680
2022-11-16T00:00:00Z,13200000,0,962986971,3513180
2022-11-17T00:00:00Z,13200000,0,962986971,0
2022-11-18T00:00:00Z,13300000,100000,967043206,4056235
2022-11-19T00:00:00Z,13300000,0,969514755,2471549
2022-11-20T00:00:00Z,13300000,0,972451041,2936286
2022-11-21T00:00:00Z,13400000,100000,975156200,2705159
2022-11-22T00:00:00Z,13400000,0,977895712,2739512
2022-11-23T00:00:00Z,13400000,0,980155608,2259896
2022-11-24T00:00:00Z,13500000,100000,983198769,3043161
2022-11-25T00:00:00Z,13500000,0,987737633,4538864
2022-11-26T00:00:00Z,13600000,100000,992059602,4321969
2022-11-27T00:00:00Z,13600000,0,996100246,4040644
2022-11-28T00:00:00Z,13600000,0,999606770,3506524
2022-11-29T00:00:00Z,13700000,100000,1001538947,1932177
2022-11-30T00:00:00Z,13700000,0,1004410816,2871869
2022-12-01T00:00:00Z,13700000,0,1008152721,3741905
2022-12-02T00:00:00Z,13800000,100000,1011449219,3296498
2022-12-03T00:00:00Z,13800000,0,1014847908,3398689
2022-12-04T00:00:00Z,13800000,0,1018114300,3266392
2022-12-05T00:00:00Z,13800000,0,1022153976,4039676
2022-12-06T00:00:00Z,14000000,200000,1023903330,1749354
2022-12-07T00:00:00Z,14000000,0,1033228790,9325460
2022-12-08T00:00:00Z,14100000,100000,1038701389,5472599
2022-12-09T00:00:00Z,14100000,0,1041991390,3290001
2022-12-10T00:00:00Z,14200000,100000,1044076902,2085512
2022-12-11T00:00:00Z,14200000,0,1053700848,9623946
2022-12-12T00:00:00Z,14300000,100000,1056950025,3249177
2022-12-13T00:00:00Z,14300000,0,1059003787,2053762
2022-12-14T00:00:00Z,14400000,100000,1067908566,8904779
2022-12-15T00:00:00Z,14400000,0,1070615656,2707090
2022-12-16T00:00:00Z,14400000,0,1072483068,1867412
2022-12-17T00:00:00Z,14500000,100000,1075813125,3330057
2022-12-18T00:00:00Z,14600000,100000,1077703308,1890183
2022-12-19T00:00:00Z,14500000,-100000,1090196085,12492777
2022-12-20T00:00:00Z,14600000,100000,1092701307,2505222
2022-12-21T00:00:00Z,14700000,100000,1096955430,4254123
2022-12-22T00:00:00Z,14700000,0,1100653935,3698505
2022-12-23T00:00:00Z,14800000,100000,1105295503,4641568
2022-12-24T00:00:00Z,14800000,0,1108965249,3669746
2022-12-25T00:00:00Z,14800000,0,1113560109,4594860
2022-12-26T00:00:00Z,14800000,0,1116358871,2798762
2022-12-27T00:00:00Z,14900000,100000,1118289124,1930253
2022-12-28T00:00:00Z,14900000,0,1119922953,1633829
2022-12-29T00:00:00Z,14900000,0,1122469020,2546067
2022-12-30T00:00:00Z,14900000,0,1125677720,3208700
2022-12-31T00:00:00Z,15000000,100000,1128358624,2680904
2023-01-01T00:00:00Z,15000000,0,1132705656,4347032
2023-01-02T00:00:00Z,15000000,0,1135125589,2419933
2023-01-03T00:00:00Z,15100000,100000,1138686191,3560602
2023-01-04T00:00:00Z,15100000,0,1141586300,2900109
2023-01-05T00:00:00Z,15100000,0,1144621588,3035288
2023-01-06T00:00:00Z,15100000,0,1146865918,2244330
2023-01-07T00:00:00Z,15100000,0,1148146733,1280815
2023-01-08T00:00:00Z,15200000,100000,1150084086,1937353
2023-01-09T00:00:00Z,15200000,0,1152649478,2565392
2023-01-10T00:00:00Z,15200000,0,1155644449,2994971
2023-01-11T00:00:00Z,15200000,0,1156550290,905841
2023-01-12T00:00:00Z,15200000,0,1158894071,2343781
2023-01-13T00:00:00Z,15200000,0,1161501835,2607764
2023-01-14T00:00:00Z,15200000,0,1164059029,2557194
2023-01-15T00:00:00Z,15300000,100000,1166366777,2307748
2023-01-16T00:00:00Z,15300000,0,1168496544,2129767
2023-01-17T00:00:00Z,15300000,0,1170810096,2313552
2023-01-18T00:00:00Z,15300000,0,1172267722,1457626
2023-01-19T00:00:00Z,15300000,0,1173340373,1072651
2023-01-20T00:00:00Z,15300000,0,1177306730,3966357
2023-01-21T00:00:00Z,15300000,0,1179831147,2524417
2023-01-22T00:00:00Z,15400000,100000,1181750501,1919354
2023-01-23T00:00:00Z,15400000,0,1183898332,2147831
2023-01-24T00:00:00Z,15400000,0,1184950774,1052442
2023-01-25T00:00:00Z,15400000,0,1185836185,885411
2023-01-26T00:00:00Z,15400000,0,1187477831,1641646
2023-01-27T00:00:00Z,15400000,0,1189215402,1737571
2023-01-28T00:00:00Z,15400000,0,1191521880,2306478
2023-01-29T00:00:00Z,15400000,0,1193176074,1654194
2023-01-30T00:00:00Z,15400000,0,1194813239,1637165
2023-01-31T00:00:00Z,15400000,0,1196525371,1712132
2023-02-01T00:00:00Z,15500000,100000,1197860906,1335535
2023-02-02T00:00:00Z,15500000,0,1199495948,1635042
2023-02-03T00:00:00Z,15500000,0,1201334759,1838811
2023-02-04T00:00:00Z,15500000,0,1203673921,2339162
2023-02-05T00:00:00Z,15500000,0,1206227947,2554026
2023-02-06T00:00:00Z,15500000,0,1207245295,1017348
2023-02-07T00:00:00Z,15500000,0,1209015457,1770162
2023-02-08T00:00:00Z,15500000,0,1211049009,2033552
2023-02-09T00:00:00Z,15500000,0,1212183890,1134881
2023-02-10T00:00:00Z,15600000,100000,1213687693,1503803
2023-02-11T00:00:00Z,15600000,0,1214872966,1185273
2023-02-12T00:00:00Z,15600000,0,1216181829,1308863
2023-02-13T00:00:00Z,15600000,0,1218471776,2289947
2023-02-14T00:00:00Z,15600000,0,1220121828,1650052
2023-02-15T00:00:00Z,15600000,0,1222238804,2116976
2023-02-16T00:00:00Z,15600000,0,1223800784,1561980
2023-02-17T00:00:00Z,15600000,0,1225561138,1760354
2023-02-18T00:00:00Z,15600000,0,1226764263,1203125
2023-02-19T00:00:00Z,15600000,0,1228973220,2208957
2023-02-20T00:00:00Z,15700000,100000,1230619861,1646641
2023-02-21T00:00:00Z,15700000,0,1232892283,2272422
2023-02-22T00:00:00Z,15700000,0,1234631752,1739469
2023-02-23T00:00:00Z,15700000,0,1236308930,1677178
2023-02-24T00:00:00Z,15700000,0,1237474041,1165111
2023-02-25T00:00:00Z,15700000,0,1239273833,1799792
2023-02-26T00:00:00Z,15700000,0,1241028788,1754955
2023-02-27T00:00:00Z,15800000,100000,1243541916,2513128
2023-02-28T00:00:00Z,15800000,0,1244771545,1229629
2023-03-01T00:00:00Z,15800000,0,1245619247,847702
2023-03-02T00:00:00Z,15800000,0,1246313745,694498
2023-03-03T00:00:00Z,15800000,0,1246990685,676940
2023-03-04T00:00:00Z,15800000,0,1247674187,683502
2023-03-05T00:00:00Z,15800000,0,1248540312,866125
2023-03-06T00:00:00Z,15800000,0,1249347073,806761
2023-03-07T00:00:00Z,15800000,0,1250462236,1115163
2023-03-08T00:00:00Z,15800000,0,1252640937,2178701
2023-03-09T00:00:00Z,15900000,100000,1254655433,2014496
2023-03-10T00:00:00Z,15900000,0,1255794812,1139379
2023-03-11T00:00:00Z,15900000,0,1257931096,2136284
2023-03-12T00:00:00Z,15900000,0,1259960096,2029000
2023-03-13T00:00:00Z,15900000,0,1262030193,2070097
2023-03-14T00:00:00Z,15900000,0,1264129563,2099370
2023-03-15T00:00:00Z,16000000,100000,1266288599,2159036
2023-03-16T00:00:00Z,16000000,0,1268697488,2408889
2023-03-17T00:00:00Z,16000000,0,1270094540,1397052
2023-03-18T00:00:00Z,16000000,0,1272599789,2505249
2023-03-19T00:00:00Z,16000000,0,1274539552,1939763
2023-03-20T00:00:00Z,16000000,0,1275493795,954243
2023-03-21T00:00:00Z,16100000,100000,1276813117,1319322
2023-03-22T00:00:00Z,16100000,0,1279281029,2467912
2023-03-23T00:00:00Z,16100000,0,1280210701,929672
2023-03-24T00:00:00Z,16100000,0,1284351764,4141063
2023-03-25T00:00:00Z,16100000,0,1285868587,1516823
2023-03-26T00:00:00Z,16100000,0,1286925049,1056462
2023-03-27T00:00:00Z,16100000,0,1288727212,1802163
2023-03-28T00:00:00Z,16200000,100000,1289466110,738898
2023-03-29T00:00:00Z,16200000,0,1290140626,674516
2023-03-30T00:00:00Z,16200000,0,1291563891,1423265
2023-03-31T00:00:00Z,16200000,0,1292913720,1349829
2023-04-01T00:00:00Z,16200000,0,1294020842,1107122
2023-04-02T00:00:00Z,16200000,0,1297102534,3081692
2023-04-03T00:00:00Z,16200000,0,1298464125,1361591
2023-04-04T00:00:00Z,16200000,0,1299305678,841553
2023-04-05T00:00:00Z,16200000,0,1300026370,720692
2023-04-06T00:00:00Z,16300000,100000,1301178284,1151914
2023-04-07T00:00:00Z,16300000,0,1303224040,2045756
2023-04-08T00:00:00Z,16300000,0,1305370545,2146505
2023-04-09T00:00:00Z,16300000,0,1306745112,1374567
2023-04-10T00:00:00Z,16300000,0,1307603207,858095
2023-04-11T00:00:00Z,16300000,0,1310177190,2573983
2023-04-12T00:00:00Z,16300000,0,1311172479,995289
2023-04-13T00:00:00Z,16300000,0,1311896309,723830
2023-04-14T00:00:00Z,16300000,0,1312571725,675416
2023-04-15T00:00:00Z,16300000,0,1313723246,1151521
2023-04-16T00:00:00Z,16400000,100000,1314846473,1123227
2023-04-17T00:00:00Z,16400000,0,1316613578,1767105
2023-04-18T00:00:00Z,16400000,0,1317875469,1261891
2023-04-19T00:00:00Z,16400000,0,1317975430,99961
2023-04-20T00:00:00Z,16400000,0,1318581939,606509
2023-04-21T00:00:00Z,16400000,0,1319907104,1325165
2023-04-22T00:00:00Z,16400000,0,1321439317,1532213
2023-04-23T00:00:00Z,16400000,0,1322763144,1323827
2023-04-24T00:00:00Z,16400000,0,1325580328,2817184
2023-04-25T00:00:00Z,16500000,100000,1326365613,785285
2023-04-26T00:00:00Z,16500000,0,1327510199,1144586
2023-04-27T00:00:00Z,16500000,0,1327968756,458557
2023-04-28T00:00:00Z,16500000,0,1329775066,1806310
2023-04-29T00:00:00Z,16500000,0,1332801659,3026593
2023-04-30T00:00:00Z,16500000,0,1334503653,1701994
2023-05-01T00:00:00Z,16500000,0,1335705048,1201395
2023-05-02T00:00:00Z,16500000,0,1336980129,1275081
2023-05-03T00:00:00Z,16600000,100000,1337913477,933348
2023-05-04T00:00:00Z,16600000,0,1339081333,1167856
2023-05-05T00:00:00Z,16600000,0,1340090249,1008916
2023-05-06T00:00:00Z,16600000,0,1340917980,827731
2023-05-07T00:00:00Z,16600000,0,1341927475,1009495
2023-05-08T00:00:00Z,16600000,0,1343121179,1193704
2023-05-09T00:00:00Z,16600000,0,1344131784,1010605
2023-05-10T00:00:00Z,16600000,0,1344796982,665198
2023-05-11T00:00:00Z,16600000,0,1346077978,1280996
2023-05-12T00:00:00Z,16600000,0,1347020225,942247
2023-05-13T00:00:00Z,16600000,0,1347941821,921596
2023-05-14T00:00:00Z,16600000,0,1348789260,847439
2023-05-15T00:00:00Z,16600000,0,1349932578,1143318
2023-05-16T00:00:00Z,16600000,0,1351034625,1102047
2023-05-17T00:00:00Z,16600000,0,1352175213,1140588
2023-05-18T00:00:00Z,16700000,100000,1353416163,1240950
2023-05-19T00:00:00Z,16700000,0,1354432859,1016696
2023-05-20T00:00:00Z,16700000,0,1356215337,1782478
2023-05-21T00:00:00Z,16700000,0,1357858837,1643500
2023-05-22T00:00:00Z,16700000,0,1359865986,2007149
2023-05-23T00:00:00Z,16700000,0,1361354037,1488051
2023-05-24T00:00:00Z,16700000,0,1362971503,1617466
2023-05-25T00:00:00Z,16700000,0,1364005999,1034496
2023-05-26T00:00:00Z,16700000,0,1364717741,711742
2023-05-27T00:00:00Z,16700000,0,1365373990,656249
2023-05-28T00:00:00Z,16700000,0,1366183166,809176
2023-05-29T00:00:00Z,16700000,0,1367405156,1221990
2023-05-30T00:00:00Z,16800000,100000,1368937395,1532239
2023-05-31T04:03:29Z,16800000,0,1369898732,961337
2023-06-01T04:05:53Z,16800000,0,1370435908,537176
2023-06-02T04:03:27Z,16800000,0,1371337278,901370
2023-06-03T00:00:00Z,16800000,0,1372282453,945175
2023-06-04T04:03:28Z,16800000,0,1373869825,1587372
2023-06-05T04:03:24Z,16800000,0,1375300387,1430562
2023-06-06T04:08:14Z,16800000,0,1376776295,1475908
2023-06-07T04:03:32Z,16800000,0,1377571382,795087
2023-06-08T04:05:55Z,16800000,0,1378480875,909493
2023-06-09T04:03:49Z,16900000,100000,1379707938,1227063
2023-06-10T04:06:30Z,16900000,0,1380403540,695602
2023-06-11T04:03:27Z,16900000,0,1380403540,0
2023-06-12T04:03:31Z,16900000,0,1383952348,3548808
2023-06-13T04:10:37Z,16900000,0,1384760193,807845
2023-06-14T04:03:33Z,16900000,0,1384760193,0
2023-06-15T04:06:03Z,16900000,0,1386997245,2237052
2023-06-16T04:03:30Z,16900000,0,1388168722,1171477
2023-06-17T04:07:15Z,17000000,100000,1388168722,0
2023-06-18T04:03:40Z,17000000,0,1392872365,4703643
2023-06-19T04:04:09Z,17200000,200000,1407217469,14345104
2023-06-20T04:08:43Z,17300000,100000,1413836497,6619028
2023-06-21T04:03:34Z,17400000,100000,1421955812,8119315
2023-06-22T04:06:21Z,17400000,0,1428666443,6710631
2023-06-23T04:03:45Z,17500000,100000,1438844599,10178156
2023-06-24T00:00:00Z,17600000,100000,1448618294,9773695
2023-06-25T06:03:46Z,17700000,100000,1462013425,13395131
2023-06-26T06:03:26Z,17700000,0,1466714442,4701017
2023-06-27T00:00:00Z,17800000,100000,1481287594,14573152
2023-06-28T06:03:20Z,17800000,0,1489755622,8468028
2023-06-29T00:05:44Z,17800000,0,1489755622,0
2023-06-30T06:03:35Z,17900000,100000,1504597470,14841848
2023-07-01T00:06:18Z,18000000,100000,1504597470,0
2023-07-02T06:03:23Z,18000000,0,1516830209,12232739
2023-07-03T06:03:26Z,18000000,0,1520568972,3738763
2023-07-04T00:11:05Z,18100000,100000,1520568972,0
2023-07-05T06:03:26Z,18100000,0,1527460343,6891371
2023-07-06T00:10:06Z,18100000,0,1527460343,0
2023-07-07T06:03:42Z,18200000,100000,1536199425,8739082
2023-07-08T00:09:37Z,18200000,0,1536199425,0
2023-07-09T06:19:46Z,18200000,0,1543688076,7488651
2023-07-10T00:00:00Z,18200000,0,1546648003,2959927
2023-07-11T02:01:54Z,18200000,0,1546648003,0
2023-07-12T06:04:35Z,18300000,100000,1551506759,4858756
2023-07-13T00:30:04Z,18300000,0,1551506759,0
2023-07-14T06:04:27Z,18300000,0,1556003039,4496280
2023-07-15T00:33:26Z,18300000,0,1556003039,0
2023-07-16T06:04:57Z,18400000,100000,1563198906,7195867
2023-07-17T06:04:44Z,18400000,0,1566042527,2843621
2023-07-18T01:39:38Z,18400000,0,1566042527,0
2023-07-19T06:04:34Z,18400000,0,1572129872,6087345
2023-07-20T00:32:57Z,18400000,0,1572129872,0
2023-07-21T06:04:24Z,18500000,100000,1578331412,6201540
2023-07-22T00:31:11Z,18500000,0,1578331412,0
2023-07-23T06:04:21Z,18500000,0,1585378836,7047424
2023-07-24T06:04:51Z,18600000,100000,1588879418,3500582
2023-07-25T01:46:14Z,18600000,0,1588879418,0
2023-07-26T06:04:30Z,18600000,0,1600258575,11379157
2023-07-27T00:31:10Z,18700000,100000,1600258575,0
2023-07-28T06:04:23Z,18700000,0,1610415621,10157046
2023-07-29T00:22:15Z,18700000,0,1610415621,0
2023-07-30T06:04:16Z,18800000,100000,1618726827,8311206
2023-07-31T06:04:15Z,18800000,0,1625839505,7112678
2023-08-01T01:16:53Z,18800000,0,1625839505,0
2023-08-02T06:04:17Z,18900000,100000,1639253283,13413778
2023-08-03T00:20:37Z,18900000,0,1639253283,0
2023-08-04T06:04:11Z,19000000,100000,1648249172,8995889
2023-08-05T00:20:57Z,19100000,100000,1648249172,0
2023-08-06T06:04:20Z,19100000,0,1657504568,9255396
2023-08-07T06:04:08Z,19200000,100000,1660899060,3394492
2023-08-08T01:11:23Z,19200000,0,1660899060,0
2023-08-09T06:04:43Z,19300000,100000,1667174380,6275320
2023-08-10T00:25:57Z,19300000,0,1667174380,0
2023-08-11T06:04:26Z,19300000,0,1672383736,5209356
2023-08-12T00:26:49Z,19300000,0,1672383736,0
2023-08-13T06:04:23Z,19400000,100000,1676992053,4608317
2023-08-14T06:04:40Z,19400000,0,1679250032,2257979
2023-08-15T01:18:58Z,19400000,0,1679250032,0
2023-08-16T06:04:25Z,19400000,0,1683210173,3960141
2023-08-17T00:26:35Z,19400000,0,1683210173,0
2023-08-18T06:04:44Z,19500000,100000,1690506848,7296675
2023-08-19T00:23:01Z,19600000,100000,1690506848,0
2023-08-20T06:04:37Z,19600000,0,1699740018,9233170
2023-08-21T06:04:57Z,19700000,100000,1703044022,3304004
2023-08-22T01:28:22Z,19700000,0,1705841565,2797543
2023-08-23T06:04:50Z,19700000,0,1707986894,2145329
2023-08-24T00:36:44Z,19800000,100000,1707986894,0
2023-08-25T06:04:53Z,19800000,0,1716642424,8655530
2023-08-26T00:24:21Z,19800000,0,1716642424,0
2023-08-27T06:04:47Z,20000000,200000,1722801550,6159126
2023-08-28T06:04:55Z,20000000,0,1731809141,9007591
2023-08-29T01:29:23Z,20000000,0,1731809141,0
2023-08-30T02:34:48Z,20100000,100000,1734626967,2817826
2023-08-31T00:00:00Z,20100000,0,1740472913,5845946
2023-09-01T02:35:15Z,20100000,0,1740472913,0
2023-09-02T02:25:51Z,20100000,0,1743980781,3507868
2023-09-03T02:22:46Z,20100000,0,1743980781,0
2023-09-04T03:07:31Z,20100000,0,1747446244,3465463
2023-09-05T02:26:56Z,20200000,100000,1749537990,2091746
2023-09-06T02:33:23Z,20200000,0,1751213951,1675961
2023-09-07T02:21:00Z,20200000,0,1751213951,0
2023-09-08T02:27:10Z,20200000,0,1754369418,3155467
2023-09-09T02:37:36Z,20200000,0,1755816497,1447079
2023-09-10T02:45:19Z,20200000,0,1755816497,0
2023-09-11T02:32:49Z,20200000,0,1759161717,3345220
2023-09-12T02:52:04Z,20200000,0,1760880211,1718494
2023-09-13T02:55:28Z,20300000,100000,1762123360,1243149
2023-09-14T03:14:27Z,20300000,0,1763155447,1032087
2023-09-16T03:10:45Z,20300000,0,1764026423,870976
2023-09-17T02:59:43Z,20300000,0,1765870151,1843728
2023-09-18T02:46:31Z,20300000,0,1765870151,0
2023-09-19T02:22:32Z,20300000,0,1770061630,4191479
2023-09-20T02:18:16Z,20300000,0,1770061630,0
2023-09-21T02:06:16Z,20300000,0,1771907190,1845560
2023-09-22T02:10:05Z,20400000,100000,1778385953,6478763
2023-09-23T02:07:10Z,20400000,0,1778385953,0
2023-09-24T02:10:56Z,20400000,0,1780804544,2418591
2023-09-25T02:08:53Z,20400000,0,1783454850,2650306
2023-09-26T01:56:14Z,20400000,0,1787146436,3691586
2023-09-27T01:56:57Z,20400000,0,1787146436,0
2023-09-28T02:00:13Z,20400000,0,1790371013,3224577
2023-09-29T02:37:20Z,20400000,0,1795124426,4753413
2023-09-30T02:26:35Z,20400000,0,1796700550,1576124
2023-10-01T02:28:15Z,20500000,100000,1799192290,2491740
2023-10-02T02:28:24Z,20500000,0,1801584642,2392352
2023-10-03T02:20:58Z,20500000,0,1801584642,0
2023-10-04T02:27:37Z,20500000,0,1804134872,2550230
2023-10-05T02:41:41Z,20500000,0,1805506169,1371297
2023-10-06T10:17:45Z,20500000,0,1807250019,1743850
2023-10-07T10:22:36Z,20500000,0,1809050256,1800237
2023-10-08T10:23:07Z,20600000,100000,1810528592,1478336
2023-10-09T10:22:14Z,20600000,0,1815222573,4693981
2023-10-10T10:22:09Z,20600000,0,1818380524,3157951
2023-10-11T10:24:45Z,20600000,0,1820192104,1811580
2023-10-12T10:24:06Z,20600000,0,1822289867,2097763
2023-10-13T10:22:59Z,20700000,100000,1827358854,5068987
2023-10-14T10:23:20Z,20700000,0,1831026563,3667709
2023-10-15T10:22:23Z,20800000,100000,1833925230,2898667
2023-10-16T10:22:31Z,20800000,0,1838130624,4205394
2023-10-17T10:24:07Z,20900000,100000,1843686267,5555643
2023-10-18T10:21:44Z,20900000,0,1846008844,2322577
2023-10-19T10:22:50Z,20900000,0,1848951653,2942809
2023-10-20T10:23:20Z,21000000,100000,1846790309,-2161344
2023-10-21T10:22:14Z,21000000,0,1850322224,3531915
2023-10-22T10:22:08Z,21000000,0,1853202409,2880185
2023-10-23T10:24:20Z,21000000,0,1855535265,2332856
2023-10-24T10:24:33Z,21100000,100000,1858567495,3032230
2023-10-25T10:24:22Z,21100000,0,1861937023,3369528
2023-10-26T10:26:12Z,21100000,0,1865073043,3136020
2023-10-27T10:25:06Z,21100000,0,1866940818,1867775
2023-10-28T10:24:08Z,21100000,0,1869689204,2748386
2023-10-29T10:23:14Z,21200000,100000,1872128961,2439757
2023-10-30T10:23:33Z,21200000,0,1875005764,2876803
2023-10-31T10:23:36Z,21300000,100000,1880655209,5649445
2023-11-01T10:23:29Z,21300000,0,1890677482,10022273
2023-11-02T11:12:10Z,21300000,0,1892935430,2257948
2023-11-03T10:23:48Z,21400000,100000,1895560127,2624697
2023-11-04T10:23:15Z,21400000,0,1898054042,2493915
2023-11-05T10:22:53Z,21400000,0,1902264018,4209976
2023-11-06T10:23:15Z,21400000,0,1905896100,3632082
2023-11-07T10:22:31Z,21400000,0,1907931375,2035275
2023-11-08T10:24:15Z,21400000,0,1909826668,1895293
2023-11-09T10:23:35Z,21500000,100000,1911249025,1422357
2023-11-10T10:23:12Z,21500000,0,1913490590,2241565
2023-11-11T10:24:15Z,21500000,0,1916269244,2778654
2023-11-12T10:23:46Z,21500000,0,1920118790,3849546
2023-11-13T10:23:19Z,21500000,0,1924316727,4197937
2023-11-14T10:22:46Z,21500000,0,1926826209,2509482
2023-11-15T10:23:25Z,21600000,100000,1929255763,2429554
2023-11-16T10:24:50Z,21600000,0,1931361589,2105826
2023-11-17T10:23:48Z,21600000,0,1934652765,3291176
2023-11-18T10:23:16Z,21600000,0,1938632519,3979754
2023-11-19T10:23:22Z,21600000,0,1942872813,4240294
2023-11-20T10:23:26Z,21600000,0,1946593492,3720679
2023-11-21T10:23:45Z,21700000,100000,1949170135,2576643
2023-11-22T10:23:27Z,21700000,0,1953555872,4385737
2023-11-23T10:25:33Z,21700000,0,1955554798,1998926
2023-11-24T10:23:18Z,21700000,0,1960152417,4597619
2023-11-25T10:23:36Z,21700000,0,1962185640,2033223
2023-11-26T10:22:37Z,21800000,100000,1965258994,3073354
2023-11-27T10:22:38Z,21800000,0,1967942360,2683366
2023-11-28T10:23:32Z,21800000,0,1970081396,2139036
2023-11-29T10:23:52Z,21800000,0,1972754231,2672835
2023-11-30T10:25:16Z,21800000,0,1975451858,2697627
2023-12-01T10:25:22Z,21800000,0,1978592731,3140873
2023-12-02T10:26:30Z,21800000,0,1981367909,2775178
2023-12-03T10:24:46Z,21900000,100000,1983353111,1985202
2023-12-04T10:24:36Z,21900000,0,1987341836,3988725
2023-12-06T07:03:25Z,21900000,0,1992482075,5140239
2023-12-07T07:03:58Z,21900000,0,1994216573,1734498
2023-12-08T07:03:47Z,21900000,0,1995378850,1162277
2023-12-09T07:03:51Z,21900000,0,1997956990,2578140
2023-12-10T06:05:12Z,22000000,100000,2000320438,2363448
2023-12-11T07:03:59Z,22000000,0,2002376721,2056283
2023-12-12T07:03:52Z,22000000,0,2004364616,1987895
2023-12-13T07:03:46Z,22000000,0,2006851906,2487290
2023-12-14T07:03:54Z,22000000,0,2009238997,2387091
2023-12-15T07:03:50Z,22000000,0,2010444534,1205537
2023-12-16T07:03:28Z,22000000,0,2011994012,1549478
2023-12-17T07:03:37Z,22000000,0,2015389086,3395074
2023-12-18T07:03:32Z,22100000,100000,2017590277,2201191
2023-12-19T07:03:38Z,22100000,0,2019374368,1784091
2023-12-20T07:03:34Z,22100000,0,2021822175,2447807
2023-12-21T07:03:28Z,22100000,0,2023050924,1228749
2023-12-22T07:03:25Z,22100000,0,2024233321,1182397
2023-12-23T07:03:31Z,22100000,0,2025713074,1479753
2023-12-24T07:03:29Z,22100000,0,2027457647,1744573
2023-12-25T07:03:23Z,22100000,0,2028497664,1040017
2023-12-26T07:03:30Z,22100000,0,2031085197,2587533
2023-12-27T07:03:27Z,22100000,0,2031884985,799788
2023-12-28T07:03:19Z,22200000,100000,2033395150,1510165
2023-12-29T07:03:18Z,22200000,0,2035527051,2131901
2023-12-30T07:03:31Z,22200000,0,2037219334,1692283
2023-12-31T06:03:26Z,22200000,0,2039879387,2660053
2024-01-01T07:03:20Z,22200000,0,2041424377,1544990
2024-01-02T07:03:23Z,22200000,0,2044018198,2593821
2024-01-03T07:03:21Z,22200000,0,2045760291,1742093
2024-01-04T07:03:26Z,22300000,100000,2051184351,5424060
2024-01-05T07:03:32Z,22300000,0,2052783122,1598771
2024-01-06T06:03:53Z,22300000,0,2054561506,1778384
2024-01-07T07:03:35Z,22300000,0,2056348407,1786901
2024-01-08T07:03:21Z,22300000,0,2058305750,1957343
2024-01-09T07:03:34Z,22300000,0,2059444147,1138397
2024-01-10T07:03:52Z,22300000,0,2062747228,3303081
2024-01-11T07:03:34Z,22400000,100000,2065971880,3224652
2024-01-12T07:03:28Z,22400000,0,2068127774,2155894
2024-01-13T07:03:21Z,22400000,0,2070750724,2622950
2024-01-14T06:03:49Z,22400000,0,2073056514,2305790
2024-01-15T07:03:27Z,22400000,0,2075530108,2473594
2024-01-16T07:03:35Z,22400000,0,2077251967,1721859
2024-01-17T07:03:23Z,22500000,100000,2079505276,2253309
2024-01-18T07:03:22Z,22500000,0,2081622379,2117103
2024-01-19T07:03:24Z,22500000,0,2083799233,2176854
2024-01-20T07:03:32Z,22500000,0,2085112047,1312814
2024-01-21T07:03:28Z,22500000,0,2088405572,3293525
2024-01-22T07:03:30Z,22600000,100000,2090427815,2022243
2024-01-23T06:03:39Z,22600000,0,2094476809,4048994
2024-01-24T07:03:33Z,22600000,0,2096149765,1672956
2024-01-25T07:03:44Z,22600000,0,2098833117,2683352
2024-01-26T07:03:24Z,22600000,0,2100053780,1220663
2024-01-27T07:03:26Z,22600000,0,2102638770,2584990
2024-01-28T07:03:29Z,22600000,0,2105007334,2368564
2024-01-29T07:03:37Z,22700000,100000,2106448926,1441592
2024-01-30T07:03:36Z,22700000,0,2108794945,2346019
2024-01-31T07:03:44Z,22700000,0,2110063501,1268556
2024-02-01T07:03:39Z,22700000,0,2111136310,1072809
2024-02-02T07:03:59Z,22700000,0,2112212385,1076075
2024-02-03T06:03:59Z,22700000,0,2117464800,5252415
2024-02-04T07:03:38Z,22800000,100000,2119441692,1976892
2024-02-05T07:03:25Z,22800000,0,2124065084,4623392
2024-02-06T07:03:27Z,22800000,0,2127422188,3357104
2024-02-07T06:03:40Z,22800000,0,2130794117,3371929
2024-02-08T07:03:23Z,22800000,0,2133176571,2382454
2024-02-09T07:03:16Z,22900000,100000,2135271705,2095134
2024-02-10T07:03:17Z,22900000,0,2137412031,2140326
2024-02-11T07:03:20Z,22900000,0,2139376496,1964465
2024-02-12T07:03:18Z,22900000,0,2141616403,2239907
2024-02-13T07:03:33Z,22900000,0,2142798550,1182147
2024-02-14T07:03:36Z,22900000,0,2145225512,2426962
2024-02-15T07:03:24Z,22900000,0,2146420583,1195071
2024-02-16T07:03:23Z,23000000,100000,2149176981,2756398
2024-02-17T05:03:20Z,23000000,0,2151141393,1964412
2024-02-18T07:03:22Z,23000000,0,2152884140,1742747
2024-02-19T07:03:23Z,23000000,0,2154410197,1526057
2024-02-20T07:03:23Z,23000000,0,2156874671,2464474
2024-02-21T07:03:16Z,23000000,0,2158342169,1467498
2024-02-22T07:03:30Z,23000000,0,2159433163,1090994
2024-02-23T07:03:33Z,23000000,0,2160525799,1092636
2024-02-24T07:03:35Z,23000000,0,2164292667,3766868
2024-02-25T07:03:20Z,23100000,100000,2165903391,1610724
2024-02-26T07:03:33Z,23100000,0,2167406068,1502677
2024-02-27T07:03:29Z,23100000,0,2168094295,688227
2024-02-28T07:03:27Z,23100000,0,2169103299,1009004
2024-02-29T07:03:39Z,23100000,0,2169969572,866273
2024-03-01T07:03:34Z,23100000,0,2171947137,1977565
2024-03-02T07:03:20Z,23100000,0,2172914249,967112
2024-03-03T07:03:11Z,23100000,0,2174204915,1290666
2024-03-04T06:03:53Z,23100000,0,2176136704,1931789
2024-03-05T07:03:07Z,23100000,0,2177194092,1057388
2024-03-06T07:03:12Z,23100000,0,2177899130,705038
2024-03-07T07:03:22Z,23100000,0,2179427261,1528131
2024-03-08T07:03:23Z,23100000,0,2180422545,995284
2024-03-09T07:03:19Z,23200000,100000,2180991749,569204
2024-03-10T07:03:09Z,23200000,0,2181835146,843397
2024-03-11T06:03:47Z,23200000,0,2182872925,1037779
2024-03-12T06:03:43Z,23200000,0,2183742334,869409
2024-03-13T06:03:41Z,23200000,0,2185537856,1795522
2024-03-14T06:03:51Z,23200000,0,2186502462,964606
2024-03-15T06:03:40Z,23200000,0,2186502462,0
2024-03-16T06:03:43Z,23200000,0,2189383104,2880642
2024-03-17T06:03:52Z,23200000,0,2189383104,0
2024-03-18T06:03:21Z,23200000,0,2192111937,2728833
2024-03-19T06:04:45Z,23200000,0,2195057200,2945263
2024-03-20T06:03:26Z,23300000,100000,2197610935,2553735
2024-03-21T06:03:51Z,23300000,0,2198795975,1185040
2024-03-22T06:03:35Z,23300000,0,2199952560,1156585
2024-03-23T06:03:31Z,23300000,0,2202718516,2765956
2024-03-24T06:03:31Z,23300000,0,2206775794,4057278
2024-03-25T06:03:45Z,23300000,0,2211351787,4575993
2024-03-26T06:03:38Z,23300000,0,2214640514,3288727
2024-03-27T05:03:12Z,23400000,100000,2218743709,4103195
2024-03-28T06:03:29Z,23400000,0,2221106009,2362300
2024-03-29T06:03:41Z,23400000,0,2223330663,2224654
2024-03-30T06:03:23Z,23400000,0,2226193008,2862345
2024-03-31T06:03:59Z,23400000,0,2228086934,1893926
2024-04-01T01:03:39Z,23400000,0,2228086934,0
2024-04-02T06:03:40Z,23500000,100000,2235529509,7442575
2024-04-03T06:03:33Z,23500000,0,2239244713,3715204
2024-04-04T06:03:30Z,23500000,0,2241989286,2744573
2024-04-04T16:04:17Z,23500000,0,2241989286,0
2024-04-06T06:03:25Z,23500000,0,2244273568,2284282
2024-04-07T06:03:38Z,23500000,0,2248656060,4382492
2024-04-08T06:03:49Z,23500000,0,2251650008,2993948
2024-04-09T06:03:39Z,23600000,100000,2254247945,2597937
2024-04-10T06:03:27Z,23600000,0,2254247945,0
2024-04-11T06:03:39Z,23600000,0,2264691211,10443266
2024-04-12T06:03:27Z,23700000,100000,2272424938,7733727
2024-04-13T06:04:19Z,23700000,0,2286815420,14390482
2024-04-14T06:03:32Z,23800000,100000,2306212216,19396796
2024-04-15T06:04:51Z,23900000,100000,2329698110,23485894
2024-04-16T06:03:38Z,24000000,100000,2341480698,11782588
2024-04-17T06:04:11Z,24000000,0,2348228911,6748213
2024-04-18T06:03:22Z,24000000,0,2352002173,3773262
2024-04-19T06:03:49Z,24100000,100000,2357596044,5593871
2024-04-20T06:03:32Z,24100000,0,2362362708,4766664
2024-04-21T06:03:48Z,24100000,0,2365755374,3392666
2024-04-22T06:03:29Z,24100000,0,2369675805,3920431
2024-04-23T06:03:47Z,24100000,0,2372498142,2822337
2024-04-24T06:03:38Z,24200000,100000,2374833406,2335264
2024-04-25T06:03:32Z,24200000,0,2374833406,0
2024-04-26T06:04:00Z,24200000,0,2379757405,4923999
2024-04-27T06:03:53Z,24200000,0,2382413077,2655672
2024-04-28T06:03:58Z,24200000,0,2382413077,0
2024-04-29T06:03:25Z,24200000,0,2387190369,4777292
2024-04-30T06:03:45Z,24200000,0,2389287698,2097329
2024-05-01T06:03:51Z,24200000,0,2389287698,0
2024-05-02T06:03:22Z,24200000,0,2391888041,2600343
2024-05-03T06:03:15Z,24200000,0,2391888041,0
2024-05-04T06:03:30Z,24200000,0,2396600558,4712517
2024-05-05T06:03:33Z,24300000,100000,2398400743,1800185
2024-05-06T06:03:42Z,24300000,0,2399646637,1245894
2024-05-07T06:03:45Z,24300000,0,2401767018,2120381
2024-05-08T06:03:29Z,24300000,0,2406786893,5019875
2024-05-09T06:04:31Z,24300000,0,2408442702,1655809
2024-05-10T06:03:31Z,24300000,0,2410013978,1571276
2024-05-11T06:03:31Z,24300000,0,2411125918,1111940
2024-05-12T06:03:39Z,24300000,0,2415185191,4059273
2024-05-13T06:03:22Z,24300000,0,2416705213,1520022
2024-05-14T06:03:10Z,24400000,100000,2416705213,0
2024-05-15T06:03:25Z,24400000,0,2425883156,9177943
2024-05-16T06:03:26Z,24400000,0,2427560686,1677530
2024-05-17T06:03:18Z,24400000,0,2428949417,1388731
2024-05-18T06:03:36Z,24500000,100000,2430558291,1608874
2024-05-19T06:03:19Z,24600000,100000,2438003581,7445290
2024-05-20T06:03:24Z,24600000,0,2440490328,2486747
2024-05-21T06:03:23Z,24600000,0,2442122227,1631899
2024-05-22T06:03:16Z,24600000,0,2443382520,1260293
2024-05-23T06:03:24Z,24600000,0,2443382520,0
2024-05-24T06:03:29Z,24600000,0,2449320453,5937933
2024-05-25T06:03:36Z,24700000,100000,2450792303,1471850
2024-05-26T06:03:28Z,24700000,0,2460032051,9239748
2024-05-27T06:03:33Z,24800000,100000,2464890161,4858110
2024-05-28T06:03:28Z,24800000,0,2467751949,2861788
2024-05-29T06:03:23Z,24800000,0,2470737809,2985860
2024-05-30T06:03:39Z,24900000,100000,2473283474,2545665
2024-05-31T06:03:28Z,24900000,0,2475648596,2365122
2024-06-01T06:03:24Z,24900000,0,2478178385,2529789
2024-06-02T06:03:22Z,24900000,0,2482334561,4156176
2024-06-03T06:03:38Z,25000000,100000,2482334561,0
2024-06-04T06:03:15Z,25000000,0,2487339102,5004541
2024-06-05T06:03:28Z,25000000,0,2487339102,0
2024-06-06T06:03:29Z,25000000,0,2494762158,7423056
2024-06-07T06:03:38Z,25000000,0,2496934675,2172517
2024-06-08T06:03:41Z,25100000,100000,2500228961,3294286
2024-06-09T06:03:30Z,25100000,0,2502992188,2763227
2024-06-10T06:03:22Z,25100000,0,2507374827,4382639
2024-06-11T06:03:40Z,25100000,0,2509962821,2587994
2024-06-12T06:03:24Z,25100000,0,2512394569,2431748
2024-06-13T06:03:32Z,25100000,0,2515208147,2813578
2024-06-14T06:03:38Z,25200000,100000,2517098771,1890624
2024-06-15T06:03:39Z,25200000,0,2518987917,1889146
2024-06-16T06:03:21Z,25200000,0,2518987917,0
2024-06-17T06:03:22Z,25200000,0,2521830755,2842838
2024-06-18T06:03:18Z,25200000,0,2527140212,5309457
2024-06-19T06:03:22Z,25300000,100000,2528957183,1816971
2024-06-20T06:03:26Z,25300000,0,2534331102,5373919
2024-06-21T06:03:31Z,25300000,0,2537470414,3139312
2024-06-22T06:03:31Z,25300000,0,2539262966,1792552
2024-06-23T06:03:23Z,25300000,0,2541634825,2371859
2024-06-24T06:03:17Z,25400000,100000,2545902272,4267447
2024-06-25T06:03:25Z,25400000,0,2550217254,4314982
2024-06-26T06:03:37Z,25400000,0,2555566471,5349217
2024-06-27T06:03:19Z,25400000,0,2558080196,2513725
2024-06-28T06:03:22Z,25500000,100000,2561818971,3738775
2024-06-29T06:03:21Z,25500000,0,2564171997,2353026
2024-06-30T06:03:19Z,25500000,0,2569383371,5211374
2024-07-01T06:03:16Z,25500000,0,2571473602,2090231
2024-07-02T06:03:25Z,25500000,0,2571473602,0
2024-07-03T06:03:27Z,25600000,100000,2577382661,5909059
2024-07-04T06:03:29Z,25700000,100000,2586416427,9033766
2024-07-05T06:03:19Z,25700000,0,2586416427,0
2024-07-06T06:03:31Z,25800000,100000,2596083776,9667349
2024-07-07T02:03:25Z,25800000,0,2596083776,0
2024-07-08T06:03:26Z,26000000,200000,2608684911,12601135
2024-07-09T06:03:24Z,26100000,100000,2628747321,20062410
2024-07-10T06:03:24Z,26200000,100000,2633101940,4354619
2024-07-11T06:03:17Z,26200000,0,2633101940,0
2024-07-12T06:03:34Z,26300000,100000,2658684248,25582308
2024-07-13T06:03:36Z,26400000,100000,2674919131,16234883
2024-07-14T06:03:30Z,26500000,100000,2687322437,12403306
2024-07-15T06:03:28Z,26500000,0,2694277220,6954783
2024-07-16T06:03:29Z,26600000,100000,2698377497,4100277
2024-07-17T06:03:23Z,26700000,100000,2706999476,8621979
2024-07-18T06:03:38Z,26800000,100000,2716815388,9815912
2024-07-19T06:04:00Z,26900000,100000,2724654926,7839538
2024-07-20T06:03:20Z,26900000,0,2732164442,7509516
2024-07-21T06:03:26Z,27000000,100000,2739934095,7769653
2024-07-22T06:03:26Z,27100000,100000,2745406615,5472520
2024-07-23T06:07:17Z,27200000,100000,2745406615,0
2024-07-24T06:05:18Z,27200000,0,2763946855,18540240
2024-07-25T06:03:39Z,27200000,0,2768250212,4303357
2024-07-26T06:04:07Z,27300000,100000,2772671104,4420892
2024-07-27T06:04:05Z,27300000,0,2779728478,7057374
2024-07-28T06:03:53Z,27400000,100000,2779728478,0
2024-07-29T06:04:22Z,27400000,0,2787555027,7826549
2024-07-30T06:04:50Z,27500000,100000,2800710980,13155953
2024-07-31T06:04:19Z,27500000,0,2806871481,6160501
2024-08-01T06:04:06Z,27500000,0,2812326599,5455118
2024-08-02T06:04:58Z,27500000,0,2816996686,4670087
2024-08-03T05:05:00Z,27600000,100000,2821894674,4897988
2024-08-04T06:04:28Z,27600000,0,2821894674,0
2024-08-05T06:05:25Z,27600000,0,2831490730,9596056
2024-08-06T06:04:11Z,27700000,100000,2831490730,0
2024-08-07T06:04:48Z,27700000,0,2835227226,3736496
2024-08-08T06:04:30Z,27700000,0,2838420158,3192932
2024-08-09T06:04:02Z,27700000,0,2838420158,0
2024-08-10T06:04:34Z,27700000,0,2837925188,-494970
2024-08-11T06:04:59Z,27700000,0,2840360005,2434817
2024-08-12T06:05:09Z,27800000,100000,2842233632,1873627
2024-08-13T06:04:40Z,27800000,0,2842233632,0
2024-08-14T06:04:36Z,27800000,0,2845478725,3245093
2024-08-15T06:05:44Z,27800000,0,2847224050,1745325
2024-08-16T06:04:22Z,27800000,0,2848696636,1472586
2024-08-17T06:22:56Z,27800000,0,2850177363,1480727
2024-08-18T06:06:20Z,27800000,0,2855445634,5268271
2024-08-19T06:04:38Z,27900000,100000,2865697331,10251697
2024-08-20T06:05:24Z,28000000,100000,2865697331,0
2024-08-21T06:06:12Z,28000000,0,2877247964,11550633
2024-08-22T06:11:40Z,28100000,100000,2903673341,26425377
2024-08-23T06:05:27Z,28200000,100000,2914437246,10763905
2024-08-24T06:10:28Z,28300000,100000,2921508195,7070949
2024-08-25T06:10:45Z,28400000,100000,2925797377,4289182
2024-08-26T06:05:11Z,28400000,0,2929030444,3233067
2024-08-27T06:12:05Z,28500000,100000,2931397047,2366603
2024-08-28T06:06:04Z,28500000,0,2931397047,0
2024-08-29T06:11:36Z,28500000,0,2935635430,4238383
2024-08-30T06:04:48Z,28500000,0,2938022508,2387078
2024-08-31T06:12:02Z,28600000,100000,2940188624,2166116
2024-09-01T06:05:18Z,28600000,0,2942155572,1966948
2024-09-02T06:05:13Z,28600000,0,2944476563,2320991
2024-09-03T06:04:50Z,28600000,0,2947657516,3180953
2024-09-04T06:04:52Z,28600000,0,2947657516,0
2024-09-05T06:04:53Z,28700000,100000,2951530411,3872895
2024-09-06T06:03:49Z,28700000,0,2951530411,0
2024-09-07T06:06:59Z,28700000,0,2954848796,3318385
2024-09-08T06:05:29Z,28700000,0,2957129298,2280502
2024-09-09T06:06:04Z,28700000,0,2959230008,2100710
2024-09-10T06:14:28Z,28800000,100000,2965143123,5913115
2024-09-11T06:04:50Z,29000000,200000,2965419385,276262
2024-09-12T06:06:07Z,29300000,300000,2980858095,15438710
2024-09-13T06:04:34Z,29500000,200000,2991145274,10287179
2024-09-14T06:05:10Z,29600000,100000,2996036424,4891150
2024-09-15T06:16:18Z,29800000,200000,3004593417,8556993
2024-09-16T06:06:26Z,29800000,0,3009045659,4452242
2024-09-17T06:06:05Z,30000000,200000,3009045659,0
2024-09-18T06:08:45Z,30200000,200000,3026390920,17345261
2024-09-19T06:06:24Z,30900000,700000,3047932580,21541660
2024-09-20T06:05:06Z,31100000,200000,3057501278,9568698
2024-09-21T06:06:05Z,31400000,300000,3074938693,17437415
2024-09-22T06:08:28Z,31700000,300000,3074938693,0
2024-09-23T06:09:34Z,31800000,100000,3100124810,25186117
2024-09-24T06:07:47Z,31900000,100000,3109709384,9584574
2024-09-25T06:06:25Z,32000000,100000,3119682426,9973042
2024-09-26T06:10:59Z,32100000,100000,3119682426,0
2024-09-27T06:06:20Z,32100000,0,3130970868,11288442
2024-09-28T06:06:31Z,32100000,0,3134166485,3195617
2024-09-29T06:12:07Z,32200000,100000,3136996477,2829992
2024-09-30T06:09:25Z,32200000,0,3136996477,0
2024-10-01T06:07:28Z,32200000,0,3141652898,4656421
2024-10-01T14:06:00Z,32200000,0,3141652898,0
2024-10-03T06:08:26Z,32200000,0,3147471866,5818968
2024-10-04T06:05:38Z,32300000,100000,3153003033,5531167
2024-10-05T04:03:06Z,32300000,0,3155075070,2072037
2024-10-06T06:01:38Z,32300000,0,3156740776,1665706
2024-10-07T03:01:20Z,32300000,0,3156740776,0
2024-10-08T04:01:40Z,32300000,0,3160733471,3992695
2024-10-09T06:01:46Z,32400000,100000,3160733471,0
2024-10-10T05:02:21Z,32400000,0,3174754567,14021096
2024-10-11T06:01:59Z,32400000,0,3174754567,0
2024-10-12T06:06:28Z,32400000,0,3176372667,1618100
2024-10-13T05:01:46Z,32400000,0,3177707899,1335232
2024-10-14T06:01:41Z,32500000,100000,3183880697,6172798
2024-10-15T06:01:39Z,32500000,0,3186014784,2134087
2024-10-16T06:01:48Z,32500000,0,3187255881,1241097
2024-10-17T06:01:58Z,32500000,0,3188547630,1291749
2024-10-18T06:01:55Z,32500000,0,3189657168,1109538
2024-10-19T06:02:01Z,32500000,0,3189657168,0
2024-10-19T19:01:26Z,32600000,100000,3191050509,1393341
2024-10-21T06:01:47Z,32600000,0,3192306867,1256358
2024-10-22T06:01:38Z,32600000,0,3194544449,2237582
2024-10-23T06:01:49Z,32600000,0,3195459560,915111
2024-10-24T06:02:04Z,32600000,0,3196420524,960964
2024-10-25T06:01:52Z,32600000,0,3197239573,819049
2024-10-26T06:01:41Z,32600000,0,3198293412,1053839
2024-10-27T06:01:35Z,32600000,0,3197550266,-743146
2024-10-28T06:01:55Z,32700000,100000,3198593893,1043627
2024-10-29T06:02:09Z,32800000,100000,3199482870,888977
2024-10-30T06:01:58Z,32800000,0,3212680085,13197215
2024-10-31T06:01:56Z,32800000,0,3213804540,1124455
2024-11-01T06:02:30Z,32800000,0,3218439967,4635427
2024-11-01T12:01:48Z,32800000,0,3218439967,0
2024-11-03T06:02:25Z,32800000,0,3221955592,3515625
2024-11-04T07:03:15Z,32900000,100000,3226904252,4948660
2024-11-04T10:04:15Z,32900000,0,3226904252,0
2024-11-06T07:02:02Z,32900000,0,3230628404,3724152
2024-11-07T07:02:41Z,33000000,100000,3236113659,5485255
2024-11-07T08:04:05Z,33000000,0,3236113659,0
2024-11-09T07:02:09Z,33000000,0,3254044199,17930540
2024-11-10T07:01:51Z,33100000,100000,3256976855,2932656
2024-11-11T07:02:07Z,33100000,0,3260020639,3043784
2024-11-12T07:03:41Z,33100000,0,3263744893,3724254
2024-11-13T07:02:03Z,33100000,0,3265814815,2069922
2024-11-14T07:03:02Z,33100000,0,3265814815,0
2024-11-15T07:01:47Z,33200000,100000,3274094991,8280176
2024-11-16T07:01:59Z,33200000,0,3276900930,2805939
2024-11-17T07:02:13Z,33200000,0,3277742912,841982
2024-11-18T07:02:04Z,33200000,0,3277742912,0
2024-11-19T07:02:22Z,33200000,0,3280752744,3009832
2024-11-20T07:01:57Z,33200000,0,3280752744,0
2024-11-21T07:03:26Z,33300000,100000,3281918629,1165885
2024-11-22T06:01:52Z,33300000,0,3283187567,1268938
2024-11-23T06:02:19Z,33300000,0,3289245978,6058411
2024-11-24T07:02:15Z,33300000,0,3290995185,1749207
2024-11-25T03:01:29Z,33300000,0,3295033252,4038067
2024-11-26T07:01:32Z,33400000,100000,3298400333,3367081
2024-11-27T07:01:26Z,33400000,0,3300030676,1630343
2024-11-28T07:01:32Z,33400000,0,3301634410,1603734
2024-11-29T06:01:41Z,33400000,0,3304896986,3262576
2024-11-30T07:01:32Z,33400000,0,3306635882,1738896
2024-12-01T07:01:25Z,33400000,0,3306635882,0
2024-12-02T07:01:27Z,33500000,100000,3308476245,1840363
2024-12-03T07:01:31Z,33500000,0,3311490003,3013758
2024-12-04T07:01:31Z,33500000,0,3314115237,2625234
2024-12-05T07:01:33Z,33500000,0,3314115237,0
2024-12-06T07:01:34Z,33500000,0,3318927319,4812082
2024-12-07T07:01:35Z,33600000,100000,3321909572,2982253
2024-12-08T07:01:31Z,33600000,0,3326008468,4098896
2024-12-09T07:01:34Z,33600000,0,3326008468,0
2024-12-10T07:01:24Z,33600000,0,3329253718,3245250
2024-12-11T07:01:42Z,33600000,0,3330621298,1367580
2024-12-12T07:01:25Z,33600000,0,3331915684,1294386
2024-12-13T07:01:32Z,33700000,100000,3333056300,1140616
2024-12-14T07:01:22Z,33700000,0,3334350564,1294264
2024-12-15T07:02:25Z,33700000,0,3334350564,0
2024-12-16T07:01:27Z,33700000,0,3342884833,8534269
2024-12-17T07:01:26Z,33800000,100000,3344202146,1317313
2024-12-18T07:01:37Z,33800000,0,3344202146,0
2024-12-19T07:01:36Z,33800000,0,3346184327,1982181
2024-12-20T07:01:46Z,33800000,0,3349135011,2950684
2024-12-21T07:01:25Z,33800000,0,3349135011,0
2024-12-22T07:01:38Z,33800000,0,3350350782,1215771
2024-12-23T07:01:28Z,33800000,0,3352927160,2576378
2024-12-24T07:01:29Z,33900000,100000,3354108049,1180889
2024-12-25T07:01:37Z,33900000,0,3354108049,0
2024-12-26T07:01:24Z,33900000,0,3360456779,6348730
2024-12-27T07:01:25Z,33900000,0,3361720186,1263407
2024-12-28T07:01:32Z,34000000,100000,3363773448,2053262
2024-12-29T07:01:29Z,34100000,100000,3377686021,13912573
2024-12-30T07:01:33Z,34200000,100000,3394326727,16640706
2024-12-31T07:01:30Z,34200000,0,3402151407,7824680
2025-01-01T07:01:32Z,34200000,0,3403939684,1788277
2025-01-01T16:01:52Z,34200000,0,3403939684,0
2025-01-03T07:01:26Z,34200000,0,3406776148,2836464
2025-01-04T07:01:24Z,34200000,0,3408122725,1346577
2025-01-05T07:01:33Z,34200000,0,3409532979,1410254
2025-01-06T07:01:30Z,34300000,100000,3412483319,2950340
2025-01-07T07:02:27Z,34300000,0,3418036396,5553077
2025-01-08T07:02:13Z,34400000,100000,3424789337,6752941
2025-01-09T06:02:32Z,34400000,0,3434231636,9442299
2025-01-10T06:02:33Z,34400000,0,3435627772,1396136
2025-01-11T07:02:22Z,34400000,0,3436920389,1292617
2025-01-12T05:01:36Z,34400000,0,3437141393,221004
2025-01-13T07:02:21Z,34500000,100000,3441338185,4196792
2025-01-14T06:02:14Z,34500000,0,3443445344,2107159
2025-01-15T06:02:21Z,34600000,100000,3444848649,1403305
2025-01-16T07:02:18Z,34600000,0,3448969694,4121045
2025-01-17T05:02:26Z,34700000,100000,3448969694,0
2025-01-18T05:02:18Z,34700000,0,3455615131,6645437
2025-01-19T06:01:42Z,34800000,100000,3460126192,4511061
2025-01-20T03:02:14Z,34800000,0,3460530918,404726
2025-01-21T05:02:15Z,34800000,0,3464465992,3935074
2025-01-22T04:02:30Z,35000000,200000,3464465992,0
2025-01-23T04:02:23Z,35000000,0,3474023255,9557263
2025-01-24T06:02:34Z,35100000,100000,3475821120,1797865
2025-01-25T04:01:42Z,35200000,100000,3475821120,0
2025-01-26T05:02:16Z,35200000,0,3484158126,8337006
2025-01-27T05:02:27Z,35200000,0,3488487132,4329006
2025-01-28T05:02:36Z,35300000,100000,3490528493,2041361
2025-01-29T04:02:48Z,35600000,300000,3493949567,3421074
2025-01-30T06:01:54Z,35700000,100000,3499611767,5662200
2025-01-31T07:02:32Z,35700000,0,3510148726,10536959
2025-02-01T07:02:06Z,35800000,100000,3511770731,1622005
2025-02-02T03:02:19Z,35800000,0,3511770731,0
2025-02-03T05:02:13Z,35800000,0,3513322342,1551611
2025-02-04T05:01:49Z,35900000,100000,3523742068,10419726
2025-02-05T06:01:34Z,35900000,0,3523742068,0
2025-02-06T07:01:37Z,35900000,0,3536699861,12957793
2025-02-07T06:03:28Z,35900000,0,3541553700,4853839
2025-02-08T06:03:36Z,36000000,100000,3544427499,2873799
2025-02-09T07:02:46Z,36000000,0,3547157721,2730222
2025-02-10T07:01:27Z,36000000,0,3551463487,4305766
2025-02-11T06:02:47Z,36000000,0,3553125989,1662502
2025-02-12T06:02:25Z,36000000,0,3554482695,1356706
2025-02-13T04:01:40Z,36000000,0,3554482695,0
2025-02-14T06:02:27Z,36100000,100000,3556968055,2485360
2025-02-15T06:02:20Z,36100000,0,3565537008,8568953
2025-02-16T05:02:17Z,36100000,0,3565537008,0
2025-02-17T04:02:35Z,36100000,0,3571422301,5885293
2025-02-18T03:02:20Z,36200000,100000,3571422301,0
2025-02-19T04:02:53Z,36200000,0,3575010235,3587934
2025-02-20T06:02:34Z,36200000,0,3581248272,6238037
2025-02-21T05:02:38Z,36200000,0,3582552454,1304182
2025-02-22T05:02:22Z,36200000,0,3582552454,0
2025-02-23T05:02:16Z,36300000,100000,3586956491,4404037
2025-02-24T05:04:59Z,36300000,0,3586956491,0
2025-02-25T06:01:42Z,36300000,0,3594164820,7208329
2025-02-26T06:02:23Z,36300000,0,3596429809,2264989
2025-02-27T04:01:53Z,36300000,0,3597920757,1490948
2025-02-28T05:02:38Z,36300000,0,3599531312,1610555
2025-03-01T03:02:25Z,36300000,0,3599210701,-320611
2025-03-02T04:02:19Z,36400000,100000,3601469174,2258473
2025-03-03T03:02:28Z,36400000,0,3606050372,4581198
2025-03-04T02:02:38Z,36400000,0,3608827900,2777528
2025-03-05T04:02:28Z,36400000,0,3610460516,1632616
2025-03-06T05:02:17Z,36400000,0,3610460516,0
2025-03-07T05:02:18Z,36400000,0,3610460516,0
2025-03-08T06:02:13Z,36500000,100000,3610460516,0
2025-03-09T05:02:11Z,36500000,0,3610460516,0
2025-03-10T04:01:35Z,36600000,100000,3610460516,0
2025-03-11T04:02:30Z,36600000,0,3610460516,0
2025-03-12T04:01:37Z,36600000,0,3610460516,0
2025-03-13T06:02:17Z,36600000,0,3666242314,55781798
2025-03-14T06:02:21Z,36700000,100000,3677264092,11021778
2025-03-15T06:02:27Z,36700000,0,3682349424,5085332
2025-03-16T06:01:39Z,36700000,0,3685590871,3241447
2025-03-17T06:02:40Z,36700000,0,3688344753,2753882
2025-03-18T06:02:31Z,36800000,100000,3692822187,4477434
2025-03-19T06:01:32Z,36800000,0,3694857976,2035789
2025-03-20T06:02:25Z,36800000,0,3698458072,3600096
2025-03-21T06:02:16Z,36800000,0,3700773769,2315697
2025-03-22T06:01:29Z,36800000,0,3703152875,2379106
2025-03-23T06:02:18Z,36900000,100000,3705819090,2666215
2025-03-24T06:02:29Z,36900000,0,3709115813,3296723
2025-03-25T06:02:18Z,37000000,100000,3716064657,6948844
2025-03-26T06:01:37Z,37000000,0,3719783768,3719111
2025-03-27T06:02:37Z,37100000,100000,3727820628,8036860
2025-03-28T06:01:38Z,37200000,100000,3732437313,4616685
2025-03-29T06:02:23Z,37300000,100000,3745484939,13047626
2025-03-30T06:02:31Z,37400000,100000,3753894719,8409780
2025-03-31T06:02:22Z,37400000,0,3763800123,9905404
2025-04-01T06:02:31Z,37600000,200000,3793844503,30044380
2025-04-02T06:01:49Z,37600000,0,3817035258,23190755
2025-04-03T06:02:23Z,37800000,200000,3847848525,30813267
2025-04-04T06:02:34Z,37900000,100000,3870789406,22940881
2025-04-05T06:01:52Z,38000000,100000,3896300469,25511063
2025-04-06T06:02:32Z,38200000,200000,3924954119,28653650
2025-04-07T06:03:21Z,38300000,100000,3950300662,25346543
2025-04-08T06:01:59Z,38400000,100000,3972142337,21841675
2025-04-09T06:02:23Z,38400000,0,3982067504,9925167
2025-04-10T06:01:57Z,38500000,100000,4004899833,22832329
2025-04-11T06:02:50Z,38600000,100000,4023205770,18305937
2025-04-12T06:02:23Z,38700000,100000,4047711149,24505379
2025-04-13T06:02:04Z,38800000,100000,4077011805,29300656
2025-04-14T06:01:39Z,38800000,0,4103288911,26277106
2025-04-15T06:03:21Z,38900000,100000,4128134427,24845516
2025-04-16T06:01:41Z,38900000,0,4147403118,19268691
2025-04-17T06:02:15Z,39000000,100000,4164130442,16727324
2025-04-18T06:02:15Z,39000000,0,4175569345,11438903
2025-04-19T06:02:19Z,39000000,0,4184497734,8928389
2025-04-20T06:02:24Z,39000000,0,4190821340,6323606
2025-04-21T06:02:23Z,39100000,100000,4198348125,7526785
2025-04-22T06:01:54Z,39100000,0,4204917187,6569062
2025-04-23T06:02:20Z,39100000,0,4207459994,2542807
2025-04-24T06:02:16Z,39100000,0,4214467100,7007106
2025-04-25T06:02:28Z,39200000,100000,4218957578,4490478
2025-04-26T06:02:18Z,39200000,0,4224073685,5116107
2025-04-27T06:02:19Z,39200000,0,4232717651,8643966
2025-04-28T06:02:37Z,39200000,0,4238546333,5828682
2025-04-29T06:01:46Z,39200000,0,4243128251,4581918
2025-04-30T06:02:34Z,39300000,100000,4247164047,4035796
2025-05-01T06:02:33Z,39300000,0,4249849049,2685002
2025-05-02T06:02:22Z,39300000,0,4253119948,3270899
2025-05-03T06:02:10Z,39300000,0,4256663866,3543918
2025-05-04T06:02:44Z,39300000,0,4261044377,4380511
2025-05-05T06:01:56Z,39300000,0,4264916729,3872352
2025-05-06T06:02:19Z,39300000,0,4268835283,3918554
2025-05-07T06:02:25Z,39400000,100000,4272861052,4025769
2025-05-08T06:02:24Z,39400000,0,4278562354,5701302
2025-05-09T06:03:38Z,39400000,0,4280941910,2379556
2025-05-10T06:01:44Z,39400000,0,4287649172,6707262
2025-05-11T06:02:30Z,39400000,0,4292009514,4360342
2025-05-12T06:02:14Z,39500000,100000,4297227449,5217935
2025-05-13T06:02:33Z,39500000,0,4301975433,4747984
2025-05-14T06:01:34Z,39500000,0,4305639285,3663852
2025-05-15T06:01:32Z,39500000,0,4308033503,2394218
2025-05-16T06:01:34Z,39500000,0,4310401164,2367661
2025-05-17T06:02:20Z,39500000,0,4312707063,2305899
2025-05-18T06:01:37Z,39500000,0,4320530963,7823900
2025-05-19T06:02:17Z,39600000,100000,4325217575,4686612
2025-05-20T06:04:17Z,39600000,0,4327623464,2405889
2025-05-21T06:01:36Z,39600000,0,4331388523,3765059
2025-05-22T06:01:42Z,39600000,0,4334172157,2783634
2025-05-23T06:02:22Z,39600000,0,4336939400,2767243
2025-05-24T06:02:25Z,39600000,0,4340346001,3406601
2025-05-25T06:02:14Z,39600000,0,4343234849,2888848
2025-05-26T06:01:37Z,39600000,0,4346446847,3211998
2025-05-27T06:02:17Z,39700000,100000,4348352023,1905176
2025-05-28T06:02:56Z,39700000,0,4351100638,2748615
2025-05-29T06:04:57Z,39700000,0,4354351460,3250822
2025-05-30T06:01:39Z,39700000,0,4356718428,2366968
2025-05-31T06:01:51Z,39700000,0,4362794960,6076532
2025-06-01T06:03:30Z,39800000,100000,4366969574,4174614
2025-06-02T06:02:09Z,39800000,0,4374771867,7802293
2025-06-03T06:02:26Z,39800000,0,4377092844,2320977
2025-06-04T06:02:25Z,39800000,0,4379347870,2255026
