user_id,screen_name,location
759660076214853632,adinross,
830435768514596866,KaiCenat,
1303026765737218049,StokeyyG2,
1552057866844049410,SpeedUpdates1,
139844649,NikoOmilana,"London, England"
526951671,Deji,England
1093246992,AnEsonGib,
215767871,ohnosharky,
840551779,AjShabeel,Now i do what i want üï∫üèø
268216379,MoSyed110,"Manchester, England"
1245385995828301828,CHIPFAT_,"Wales, United Kingdom"
1422656075074084866,ksinews_,
1614817034,Thogden,"London, England"
320529874,SlimmySlim94,"Brooklyn, NY"
183205850,KingKennyTv,"London, England"
903797785237049345,shotbyslipz,"Miami, FL"
327187133,MarioHTXX,"Miami, FL"
296406924,therealsaltpapi,United Kingdom
1409523241694212097,HappyPunch,
431884647,theobaker_,"Seaford, England"
1527231458565361666,aa_23ary,
1907788841517305856,Alp122752,
1388749987895447552,Deiz06707604,
1927802947494199296,Sharpness486077,
1854913356903464961,Mohamme59035974,
1930075024662376453,fals_iban17819,
1779583791880949760,citizen51710,
1918993432481067009,Gunx3105,
1661820980057067521,yowaimo_69,
1505408680438923267,GonzalesaJohn,
1141903690707689472,EliSpks,"Austin, TX"
1386871920981954562,RodmanLopez4,"Daytona Beach, FL"
1912565161681903616,TSered55156,
1878814355137114112,ssarak252,
1769418699306360832,MrDribbling_7,
1752051616927088641,Jackr120,
1930940080203722752,Dispositiv31271,
1853664564271013888,Jaybronze45,"Lagos, Nigeria"
1262686848360513538,KARSUHAIL100,"Kupwara, Jammu & Kashmir "
1618016206249672705,McWelds,"Los Angeles, CA"
1929999967608881152,matete17629,
1931590651013140480,jdddmmmm,
1780982127405707265,cjgoulart_,"Rio Grande do Sul, Brasil"
82704647,IacSte,
1529067506522017794,gharinadredf,
1872964511810109440,Pop1799035,
2694157706,peterb2_,Chicago
1919834109654032384,juparker17,
1722013051241852928,c1cole0,"Arizona, USA"
1931584161459924992,Xguy_2025,
1429141032,kt10_official,South Korea
1931583034664321024,hont85532,
1931577484941668352,J4Y_Kayla,
1041449463313649664,elmonkeey_,"Bogot√°, D.C., Colombia"
1440561615603056646,screamingshittt,
1929790915058798592,LEOYan95287,
1930803470707073024,tencigs,
1899194587929026560,8elpiccolo6,"Simi Valley, CA"
1931356480785072128,Jendricdev,
1909684596398342145,cast61074,
55114800,CallMeSaint6,
1931575265375002624,Lamountain60369,
1490627262953103363,EoPGod6vTRWRion,
1791155631061155840,GamingMrCU,Sri Lanka
1587944679085056000,LLeoneldi,
1540056473060900866,Moritzresidenz,Sex Country
1916068680707764224,MtshaliLEKAOTA,"Sunset, FL"
1659275758844678144,Abhi270811,
1438746348589707266,jodieig_,
1931552109465325568,KAZEHAYA090,
4291852401,Arvo_Sesh,Australia
1133420938186256385,kevin5avio,India
1922837183439708160,samlolfr_,
1931571719552258048,Queen032320,
1919362386810552321,YouMa2912124222,
1931569693208547328,Chuck_on_Cliff,
1824982193879580672,minah38850,
1584547398449336321,flizzy_shotta,
1893026399230754816,heyshupidee,NYC
1931568838786891776,pakhi_jan3863,
1806556372206772225,SaproxxS65146,
1929911129129578496,ankelafeiliao67,
1930048284258906112,ChelseaFCWA,
1751532051910766592,IdaI49125,
827261668396642305,XzrC_1,
1861466665478696960,RdaZyad63474,
1931178875473768448,truongsssc,
1293598097772294145,KauanHDS_,ùïÜùï£ùïùùïíÃÇùïüùïïùïöùïí-ùïä‚Ñô
1931533571744833536,freedomfairyem,
1894060123364204544,Anonymous_zed77,
1783238457114198016,jimmyd2720,
1906039801952010240,sledgeisliveyt,
761985912456613888,Weinbach,"New York, USA"
1753613604572528640,CLilgo83444,
1715879472279203840,sebsal020605,
1425775894707200011,OmenTristan2001,
1465464050117234692,Brufbelizario,
1671072347187564547,AoiHikaru1008,
1917740695684800514,Jay445908686685,
1795343401006632960,anomalaickey,
1931553952350253056,2know_zeke,
1931553536170770432,SigHope4,
1931545927799693312,98pple7,
1931552654993534976,FRANZ6174,
1926759011572944897,redburudi,
2265734095,itslilsmacko,‚ö°Ô∏èTHE JAY !!‚ö°Ô∏è
1896297366061297664,BenjaFics34272,
1625098934283649025,hraby_bd,Kingdom of Saudi Arabia
1928916856385187843,MuhammadIr60601,
1931543631157927936,XGamesBattle,
1931547964440514560,Soyswayy,
1931330476196950016,Dhx342117toBE,
1743007193429843968,babel_gueye,
1878332159502479360,builtbychen,dm 2 work
1738040052335169536,a655464,
1586175625421000704,JamesL_MMII,
1510179230620991491,BalharaYasser,"ÿßŸÑÿØŸÖÿßŸÖ, ÿßŸÑŸÖŸÖŸÑŸÉÿ© ÿßŸÑÿπÿ±ÿ®Ÿäÿ© ÿßŸÑÿ≥ÿπŸàÿØ"
1844915713963851783,bee_q95495,
1930124381801590786,ym7532144,
1497439426624077828,BTrax05,
1931479969689141248,kavinsky1995,
1546850072943550465,Leventi76571812,
1704668893199888384,RaymondJaySmith,"Hull, England"
1305613292321353729,Z3RICKEI1,
1931537141269716992,whocxrlos,
1864633335412072448,Stacey144215,
1857290520944394240,ramki1517,
1844528342592258048,GabsSurdinho,
1707730322689785856,BoujidHous17783,
1823471778959679488,ElSinceee,
1845570654277357568,TKMNK165587,
1405986246070095882,Mochacinno_Kofi,üåó Phobos - He/Him üêæ
1864639645335633920,BlodaNelso94575,Ghana
1926754456156155904,Lukaslukon242,
1068071377033252864,styhydrttd,
1889554737462386689,FrancoisLo66900,
1931533583870832640,teverslast,
1873486734639435777,RuiFilipeMilan,"Milan, Lombardy"
1931511650588241920,JhiYako,"Chihuahua, Cd Ju√°rez"
1931460307915800576,bgammz,
1368504220337336324,ItsOne9,
1898970985375690752,DiegoJuan128810,
1847860817812979712,pupainthetears,
1710305408638648320,yuheng0830,"Johore, Malaysia"
331744432,Ludax28,
1928952297024819200,bineytalks7,Monaco
1931521188674588672,Roberto4932811,
1927567190007349248,esfnNth0Ug11650,
1931528361492295680,clipzzentertain,
1930829330143391744,MrrFlexz,03.3.3 Luckz
1912722243886673920,wegotalldavibes,
1914687002097684480,clxww_,
325525864,aliqais219,
1802525839407378432,d7mi9001,Kingdom of Saudi Arabia
864198805708611584,Faaaaaahim,"Dhaka, Bangladesh"
3255568489,hamz95ah,
1432741044030824453,suryar338,
746341430109544448,_little_lucas_,"Vit√≥ria, Brazil"
1931279622781693952,aileix,
1931481963334180864,Sophiafoxxo,
1859709328053178368,ManuelAideloje,
1762382508140683264,NAderemi56630,
1698010218607861760,ArtZhang_,
1931517780236611584,Logina_Editz,
1450651928736813058,Jonatha08711462,
1931507962465431552,APenguin17013,
1810122017741680640,MT_781_,
1411484163421753347,TizianaAyala2,
1926243968657842177,ChrisRicks28703,
1676513140857782272,JIAOG496948,
1931514080055189504,n1ehd,
1927912808596766720,Flxvuelvec1849,
1931508311779594240,LucasPonce82403,
1752154923666411520,blavkoxs,
1808222688105881602,Jskury,
1900557738377175040,Astridddand,Paris
1731968193110093824,GabrielBap57904,
1931488740234739712,Asap61616,
1427355644248657930,EnzoHer00569986,
1917566784867090432,RaedMansou83157,
2401348323,susanmillyonl,Tx 
3807419536,AlfonGarciaV,
1530185205314633729,btcmoneysniper,"Dublin City, Ireland"
1710374541560623104,SeyniIbrah37113,
1931501998085726208,Joseph9lu,
1608495337559429121,fred_zilla_07,
335695545,NoticiasdoPARA,"Bel√©m do Par√°, Brasil"
1931495704905596929,Zuttyburmeseboi,
1557548322847596545,jxlien_m,
1874833086480781312,Burnette171,
1929845900693696512,EduLorenzzz,
1807291130133753857,OgbeWiliam91485,
1931495916097466368,ConnerJaro13128,
1882287121152573440,smallboy875,
1882908672734699520,HidalgoJam2527,
1909635294409924608,EmekaUgo253402,
1930348829892923392,HazaynnKin91,"Texas, USA"
1931483431436689408,Lungsta_0,
1596726865837920259,iollg6,
1931310308863115264,AlexisReye14450,
1452819639910780930,_M0NTER0,
1931477765015953409,sgal67177,
1931427557016043520,RuthMedina36244,
2975430119,qbinnBv,
1924934121886814208,Rik061777891224,
1931362623112577024,Sean11454126765,
272728149,SmoKnPiff,Secret City
1931485005622177792,Chris478733,
819100134843658240,roseaerizen,
1749981828859969536,NwaiwuN95498,
1270516758487629824,ruan_rbbt,Renata Pinheiro‚ù§Ô∏è‚Äçü©π
1922441861215719424,porres16409,
1673588532206616577,Zibepikin,web3
1761150928051200000,spiderman36014,
4835616792,liver_ll,
1930051511792361472,drvnndrjnkss,"Youngsville, Louisiana."
1923958959955902472,HeroSenox79353,
1931481298926731264,awethaa1,
1926154394321448960,cayfrm313,
1931479250239987712,Pietzin1,"F√∏rde, Norge"
1858733169396125696,Helgener1356,Seu rabo
1931023034711744514,AJReborn4,
1910843748717678592,BOgamaGX6,
1906106151772868608,ItxmeAndme,
1093926199925960704,PaulMinor4real,
1500090370838962177,Lynxafd,
1931469638002765825,KaydenColl25472,
1789451446120751104,CiroGarcia310,
1931239505107013632,FaZe_StAcKxX,
1897414214618370048,Meezpointe,
1430395576500334596,dillysillywilly,
1824332829268033536,eshanskabir,
1895551971127369728,KeabetsoeM32426,
1573498848659619840,DemonteMcDanie4,"Raleigh, NC"
1890456066602782720,eman3214567,
1574883683525337099,AkagaminoLuffy,"Thessaloniki, Greece"
1358135701477486594,NihadKadiri,
1854541558562873352,donna_cheryl1,Oklahoma city 
1497829558388723713,Tomasz95432663,
1931473109334298624,AlberdiBel82427,
1931305695925682176,Lemzo_1,
1930887738728812544,Rsa54079Rsa,
1922704429540638720,Adamxo999,
1605336648446771202,BrianGachanja11,
1931458329823567872,esrmango_,
1923018227313147906,Nathan289732,
1931470458496417792,Unknown32558Z,
1931465386605576192,mattmillz23,
1910860066577850368,EzSkillzzz,Colorado
1836860564212977664,Qdog66115,
1626383672902406146,JafB08,"London, UK"
1931468855978676224,savier6312,
919656084654059520,tetsuasakura_,
1850257356137078784,akash_2528_,Sainthia 
1931216100559142912,Katey10272West,
1430288602488049671,booeloll,
1931465975628775424,Ferjaoui_Rayen,
1931418241865322496,Lilparsapr,
1576134980970979331,fzx_gg,
1931466749376897024,pineyro_je98128,
1350700027925168128,70AI5,Libya
1778534149898559488,mOzo_INJ,
1901355047302189056,BatyjhanI26695,
1924262241156665344,MJ5130803083130,
1524494729534185474,NANAIbr82027934,Ouagadougou
1886071053283119104,dorisemily16,"Tampa, FL"
1929971784180199424,Jest_Nest8008,
1746505130357161984,BloodyGee20,Nigeria
1931456111342723072,Justaloner211,
1266962412277624833,shanti64902023,
1920223841642819585,Jameshallboi26,
1513156976947175431,lucas_sansen,
1588683539674980353,Kylo87889,
1866261737504178177,RassieDavi21298,South Africaüáøüá¶
1305954873419001856,Rafin359341151,"Dhaka, Bangladesh"
1931459029596803073,alexandder90221,
1463479937738821644,mxksuu,
1931454998136930304,M__A__L__1,
1830969057966780416,Luffytaro9285,
1930957890241900544,Nbacarti256,
1931458290224869376,peytonlucas167,
1931457294996320256,stopit77220,
1931457871318827008,bmw_bmc55382,
1925185275581411328,Alcaraz225,
1847361478782803968,Milan787_,
1759238529891069952,MomenOmer249,The World
1828383747076464640,Abderrahma1595,
1931125373049372672,synn34424437014,
1453584129396781058,Arruto777,
1817964684420476928,AtulJokie24336,
1755307988309741568,nx85chmdj8,
1433072160898105347,PumPumBoiii,
1650405157174214656,abod7i_1,
1692482300523503616,sakariye_8,
1912306666634375168,JayGraham371964,
1764645037286076416,bryanzeetos,brasilüò±
1931332416171380736,vvs_big17,
1655599565037338625,WalkieMe,
1681376768538869760,Scardl777,
1930083219988172800,brandao57389,
1833826778139275264,lwfy263465,
1853634862726447104,LiamMierzwa,
1931444845668917248,Imagined_One,
1674215630285996033,91Ruben_OOO,
1931406248009703424,Jamalchicken91,
1789397091250253824,timmothy774305,
1931444981866393600,LJ5523,
1592576074587807744,ABDULRA7899,MT/OL
1930725652103323649,alex_tdot08,
1931405367776575488,Jacob6446921,
1887816650663284736,G38867Pulido,
1813275784955764736,y_xxsandy,
1359077425238392833,_ASJ0,
1931150725486374912,Mgl_Arz,
1925681591256223748,OMARRR347488819,
1869946111810514944,BahdBwoii,
1930749604040949760,Dawe415078,
1915674916415746048,icdkarma,"Manhattan, NY"
1817708388630802432,AliAlkhala12812,Kingdom of Saudi Arabia
1931443360352645120,Kpisurboy,
1931440477661966336,inhomann17911,
1931442381716656128,Baley1109,
1790851298281046016,qpskiii2,
1931199101116526592,bejsenbiev90546,
1882498495333994496,33ikna,
1800800518089961472,Imnoahwilliams,
980925290527576065,winstoncire,
1484364449494409227,Kaisterrr3,
250813329,ShaheenXO,"Johannesburg, Gravity Falls"
1930070842689347585,pipas_555,
1931439541413670912,BabyDamari73201,
1918784712924864512,mrgruww17_,
1931437359704281088,jasiheree,
1931358061148753920,W1nkee_,
1930565823749328896,Imranwork_13,
1304702827772678144,jessehunter07,
1247113416747122688,epspups,
1208695188,hanhanwem,
1931417605014720512,Tayl41,
1884619232828092416,NotTheNope,
1931435826161876993,laurenwebb4217,
1563488854111182849,KomoBrown,"Lagos, Nigeria"
1931436447527002112,BarcaB88986,
1931401634766045184,StafaAmir92627,
1125030654482235394,rambito__,Costa Rica
1931433886522941440,nb8334,
1082066190682476545,hatunylmz_,
1775115785100296192,OkeowoOpey91626,Earth
1544683189591240709,nalla_harshith5,
1766875139558219777,blake164190,
1878085126988378112,ID4rr3n,
1931055920936898560,erenidgaf,cali
1809269150579322882,bayern0212,
1498332505707061253,Eduardo28183580,
1827803571049373696,Hunor1434730,
1464356713113468929,headasss111222,
1928965068949172226,John99022084294,
1931368795110809600,CarrotCarr4676,carrot 
1917629690266935297,AshrafulIs45840,
1814218439311138816,em41267,
1837279294546120704,carlos520541,
1417851855082704896,ForfunYuki,
1930506195300921344,kevin_liya,
1792393993076060160,Lazcano_25,"Massachusetts, USA"
1931427751526891520,Luna_Lzr,
1906133318740918272,maasdorp_v30505,
1879321580616007680,ben249894082,
1610263602878898178,gtiredeyes,
1930897988945166336,bullet_level33,
1654881447759556608,thatoneguyonhzm,"Nairobi, Kenya"
1931415057474404352,AllGrindzMatter,
1919289422215847937,Makabongwe85247,
1734413327957368832,PAnugrah228109,
1854218501478928384,AishaKahboli,ŸÑŸäÿ®Ÿäÿß
1193872103356936193,Vaillant26200,
1931423120411475968,Evangelina81421,
1862891960236662784,MinoG76710,
1929594164083412995,sikcunt08,
1906508055576997888,OHenriques9545,
1887030251189903360,ubemarie1,
1931048172664623104,addiiii_21,
1931416355779289088,Rpat2110,
1256505637187596288,ZennieAly,
1855328537915387904,motmus747,"Atlanta, GA"
1730214533602398208,dglopopacieco,
1556932297932283905,nandi09640394,
1783912803239161857,tabandz_,
2501119182,Max45411672,
1767234010923888640,gO9gdb86nA97186,
1754893878061117440,justwazkid28134,
1930920754172067842,LuffyTaro_112,
1931420246356684800,Ratnesh11332209,
1931419904160436224,ThiccBunny10,
1931418320189747200,bry2littywsomeb,
1696345598729789440,TSoltuzu37849,
1924308404203663360,Lemarmansoor,
1928363785674235904,MALINIJHA4444,
1927795285146632192,TMasimola7944,
1931416462130130944,BaffourF5661,
706932418498981888,kayn3_,Konoha
1766818548159266816,Fadiljayaa288,
764236274387431425,RodHer96,"San Salvador, El Salvador"
1931407023754891264,cafehxh30333,
805590679019749378,visaojao,S√£o Paulo ZS
1328074457408294914,ga_n_za,
1168939032665108480,shoyab_chauhan,
1523062194166022145,shinax_drolls,"Lagos, Nigeria"
1780791833691324416,bri_annamoreno,your daddy crib
1914841924919332864,unknownsucx,"Copperbelt, Zambia"
1572525731292520452,Jubayermuhamma4,
1927451237068247041,Isaravan667,
1906930647651983360,SaraleguiLucas,
1931411952481275904,Blakenedind,
1138163099029200897,jcortes717,Gibraltar
1322350112094539777,DanielO45470416,
1169235395395104768,davidino126,made in tuscany 
1373204525041938440,SubbareddyKoth2,
1523396219699183617,Rayshiesty24,
1659400705633812481,drafryk,
1808480559426834432,GhiatRayane,
1929244254850920448,bazilqureshi4,
1902064505435086848,Gytends32,
1877736874359578624,white1663525,
1890096965758676993,blackktxv,
1528565685613473793,Vitor_Hug3131,"Goi√¢nia, Brazil"
1753052338959323138,khuh_y81514,
1022513660168626181,iamRaviprakash_,India
1747593462935891968,Young_skys07,
1856714185,farhanabbas8808,mexico
1756672277620432896,jayavardhan_53,
1931402894994968576,emilianrazvann,"Belfast, Northern Ireland"
1931399813129502720,Obvious_Me123,
1878577115949584384,brahim_saa3102,
1931401285829558272,TribeTrending,
1838681535618154497,GOkinyi002,
1648632207135653890,menji_dani73086,
1922098706230226944,ks7thescientist,
1930386507111489536,Mznyacine13,
4040716042,luvrboykobe,Where Am I 
1931401578763722753,allmax_25,
1931401861883625472,Hocinehamza393M,
1794006926616842240,realSwymSzn,
1924015710029701120,CLEVER835889447,
1566883748087742464,dapin61427439,
1931400091123724289,qdoggn,alabama
1928503925956812800,coin42232,
1931399448128876544,XennaClu,
1931289611365691392,Just_Nahzeem,
1592826342,anayeerb,
1758577006542045184,Rybruhljan14,
1929298504096292864,1x_cody,"Willis, TX"
1931007191248687104,OkGuess361,
1887935679600185344,jhon_onX,Out Of The Universe
1859835290246053889,ArunP32235,
1923942821398036480,BigH_1029,
1931393405927714817,HBann66546,
1841225448912748544,Evan_S_25,
3712561706,OscarLegend000,
1931390718167183360,Michaeliiv,"Islington, London"
1714308757373517824,Himanshtrader,
1887124697969537024,FatDrako20691,
1931392991106670592,levan425,
1879040675028652032,DhlOkha,
1413471754995912715,kpHTGZzVM7SaJZM,Ë∑ùÁ¶ªÊÇ®50m
1931379140436873216,Eli_ita175,
1668632971077906435,jishnu_69,
1931377803233992704,gracehunmy,in my Ass üçëüçë
1844119097912754176,Kirammantinzzz,
1862032890046840832,1_vxlrxx,
1926704384030711808,anime_ahme46653,
1806849130427285504,Henry3820541691,
1823758634750246914,sentinellie,
1705504165370232834,Bryan7179521870,
1930078294596280320,D2A60N,
1644309941275197441,shabycrypto,
1931387179252822016,Ranganath_rocky,
451055539,cnqc95,
1931384745205563392,Daaaxxxi,
1574098679643906049,skatyoni,
1368008940,AnaLuisaSouza11,Toronto: Canada 
1930542206235873280,Punit2474,
1931384434454147073,angelina479622,
1931382175066161152,King_Alkaz,
1765522503223414785,TibaOT13,
1562705616577056768,abdikingtrtel,
1931177534764523520,jjjjjjxue,
1931357119124815872,rinkuthegoat,closet
1931382080371351552,ImJusAFanfr,
1930270284487241729,BarnesFay53424,
1921590957868306432,Lotex222,
3228273145,rizaahmadfauji,"Garut, Jawa Barat"
1294849284710567936,TebaNjotta,
1865475168648208384,c_mrphy,
1930342197997547520,LayJordxo,
1929311110093840384,lghxst_,
1931377742194565120,yaodrawsstuff,
1928923873673719809,bright_nna79201,
216183893,chrscp,Kanto
1774113793666064384,ETHERN3T,The Galaxy üåå
1715410172753899520,NMreal461,Zambia
1931371220823650304,FarisN16096,
1815758028035248128,DYG1270041,
1349557972477874176,Wal144603134,
1852241136389361664,sidinte34415,
1931018622111035392,OKAY7318,
1232327185685307392,gooo__u,
1069996062381928450,WokenMyers02,Parts Unknown 
1739575163899805697,iqraz2808,
1063783620551282689,Yura47_,
1792037307819683840,Abdulsamad13317,Nigeria
1707795800292749312,RadeonSx,
1551731010706067456,impeace_s,"Bogot√°, D.C., Colombia"
1725947439050297344,raulnickhs,
1931370191080083456,FrancescaP80446,
1781379388858118144,Pr1ncessla74,
1802537901260943360,daydreamerPIx_,Germany
1931368350845992961,mriyes2210,
1927736622973636608,bethouai,
1346391396027043840,tsewell68035989,
1931366658741829633,erunxmusk,"Benin-City, Nigeria"
1931205119515004928,johnpork343322,
1724850143051345920,EoMateusne90074,
1741205797051260928,Wassupboi289065,
1062295856647290881,koycsntsn,
1341222814314061824,brawlerj26,"Pennsylvania, USA"
962963360282284032,SumanKa68414623,"Dimapur, India"
1931365102630166528,quant99497,
1931342609168908288,ben_wei63676,
1931048982345859072,Spenc30,
1921270615681400832,real_arcanjo,"Sao Paulo, Brazil"
1931293035096330240,xrponeday2,
1630548180898050050,abdilahiadenali,Ethiopia dire dawa
1931361312925450240,cjvillaver49211,
1844398127781957648,2Agiota,
1931354987046522881,joshua31pro,
1828498022734376960,JustHam1029,
1826687155373998080,MNohat2193,
1866233555673595904,type1suitehacks,
1830273281548492800,Shaka_NasHoN,"Massachusetts, USA"
1899560060709453824,GautamXsn,
1558120094642933760,mmoloke_brandon,
1639937617708957698,li7781851024480,
1849580214663176192,AnaLuiz98023552,
1868202690485911552,Gazzablak94,
967595347504697345,tristan_kefla,
1652655504622067714,Gears_sol,Brazil
2293306621,levil_el,
1931345626731843584,Ongenongen0707,
1916946003229372416,EliasPrez697977,
1845722687047417873,TylerWi92945966,
1832115788385337344,RaUuf2573,
1815658061266325504,Emot3chan,In your wall
1208292471899213824,doo_ll1,
1931306939155202049,QafarAbdi12806,
1569945650497724416,OWadokunStephe1,
1902110648412286976,Mirivakat,United States
1897338102898995200,PawanBasum24691,
1516829224409178113,OmarDrif6,
1521548469671895040,Anonimo47867471,
1827726424834260992,ChizziBag7,
1717579812594978816,CryptoGuruPT,"Kashmir, Pakistan "
1734165157012451328,YvnggGreatness,"Nairobi, Kenya"
1585572426535927810,Edzis01K,
1569376616182153216,Vinicius00928,"Anchieta, Brasil"
1267038578,FaridDarmawan5,"Jember, Jawa Timur"
1890673384620457984,ConquerMbuyisa,
1814867737082273793,5fEKArNQJs26322,
1775716134664208384,floyd_271,
1931349194184474624,RiffD10734,
1931345260585627648,Jacobkarnes13,
1028608152051363840,benzo4breakfast,
1396115175665590274,Miya75703524,
1931345533958053888,yeaperson321,
1931344860503748608,Wazif4lg,
1607376716300689409,diles_ug,"Kampala, Uganda"
1918305801841852417,Evan84273986311,
1931334312843984896,FegroDon,
1931338006339706880,LuckyCarla2K6,
1798264714335567874,lyly1883016,
1930993298170327040,sae1585924,
1803896442739658752,cloudypistachi0,
1922297377962262528,Ahmed610139,
1931337148667469824,hardnawaf01,
1776237742227415040,HongyeZ8120,
1889471946355777537,jvlimaxz_,
1930824511567339520,ssiah30,
1931336260120973313,ColdBloode68704,
1175173666755268608,gabitszim,Bel√©m do Par√°
1931199832947068928,drake1457166641,
1787221848595238912,nie_famous68877,
1919993728036450304,qazimansor89,
1922900906917474305,jun_wen91843,
1357663499283877889,DafzVnh,
1856783802116526080,S3NAZKL,
1931124688882991104,AlexusXXx8,MY OF ‚û°Ô∏è
1931333842553733121,buuren99683,
1916067091712749569,HumphryKri75468,
1799231015086370816,WShaocong_NP,
1733302735561469952,0jegg60186,
1931325014042943488,yi_wen94484,
1876641338235506689,ordiperson7,
1931330688881438720,Julie_rosexox,
893158702995316736,RamDhamu1,
1512644443181965313,KiwiPalms69,
1579295691008266240,minaxity,
1693011271405182976,ExavierJoh43533,
1931330523642871808,skyylvz,
1261779182935322625,ridwy7270,
1754079223256637440,Siam893,
1469634681276706820,Mamoun_black,Missing
1923866944236584960,yaakoub216,
1931288418668998656,SReventsss,
1929152527922249728,SundWilhelmsen,R√¶lingen 
1601118335608889346,Zarrr901,
1828174655188017152,Yiikk66,
1930519024376639488,GloryOlaoy155,
1919166034583457792,HaramM223928,
1567929721098326018,PlgamingP,
1931318908356788225,rolliecapes,
193786749,finchystyle,neverland
1915523242942410752,dr_chantolias,"ŒòŒµœÉœÉŒ±ŒªŒøŒΩŒØŒ∫Œ∑, ŒïŒªŒªŒ¨œÇ"
1752535769523081216,Naishetery,"Bonaire, Sint Eustatius and Sa"
1705117607211544576,GO8HnXcEZ_EZ,Âåó‰πùÂ∑ûÂ∏Ç
1207158582669651968,kaijay5555,
1502620849626570759,s3a_g3,
1733540884279377920,ArnoldJMcCoy,United States Of America
1901217907478081536,1ielo,
1931317093972201472,bmwb07098,
1931320700603932672,PAstahov3965,
1500401085260967937,saloukoukou,
1538336519538237441,Rodrigues_pvh28,
1931319630485651457,ChristerNo66654,
1081227271447314432,RealJaydenRJ,
766705478072045569,StarNtr9999,"Hyderabad, India"
1931313660141400064,JoohraH,Tizi Ouzou                    
1791426506608304128,KundetiSya23659,
1759678797215842305,luiz_filipe_dom,"Massachusetts, USA"
1931314100065452033,xnyxxiee,
1402084018942840840,Castill68926969,
1766566260958023680,DeWetHugoBoss,
23877075,MaxAntwi,"W.MIDS,LDN"
1931302568300531712,KiyaSolomo40808,
1830969643407736832,WhimsicallyQ,
1869677043052597248,Cars174714,
1931034988197367814,Theclassyrebel7,
1931305375627907072,laynecass64,
1663817324481093632,JamieIsntREAL,308 Negra Arroyo Lane
1901005574210547716,coffee6788,
1865583499505192960,PepiMichele,
1516599677176721415,DeiviMa37122470,
1742837744143863808,wisdoms_keep,here now
1737778076694781952,abirahmed529472,
1262535365337866245,Rehanmi98830384,Mumbai 
1450723804267749381,fachrym94269148,
1923748127967936517,Mi1273Hiw,
1790402856211578880,dololovescreen,
1931299491316989952,norms39152,
1510600121930629120,BlobyCZE,your mom
1810730628410920961,strazzlol,
1511910174646104064,GingerFlower118,
1189498542693466112,leinadgraphics_,Look At Your Back.
1931284486794399745,Eyesodd345160,
1931293973731291136,HtoiMyo1456,
2724882211,JSChaggar94,West Yorkshire 
1825482251997786112,dlyyy_4,
1818878597337419776,abhytwts,India
1918062559099285504,0PIUM_FN,
1805243360745254912,mai_xian36712,
1803592865412423680,Cah298417478951,
1931290858562744320,Uzumaki88914944,
1926979043888386048,Maulanadhty,
1931176618132926464,BantomStan22037,
1803188168675540992,gercekkarbon,
1931290184466702336,radarmetnt35705,
1755011042659237888,Fenokit0,
1929367950999654400,jugen1024,
1605705557670756353,pmbtp214,
1928189075820793856,aceDoodle77,
1730548786999746560,fng708593856174,
1882110706431983616,gop695851743324,
1931252268076257280,killokuroiso,
1849366650879201280,easonzhang9042,
1922566714891644929,TangDe44789,
4850283142,xxxxtouzhelexxx,
1930991772647424000,ChinatiP89530,
1930887781053558784,Milly1759237,
1791503026320220160,7zd35ArZ0Y98177,
1718825608572989440,aceton19279,
2174473100,mustaphatwalib,nakuru
1931205086832996352,Gatto_Di_Classe,
1906608699889831936,doombringerzk,
1931282458961391616,xinxis,
1800262393731104768,modibsx,
1931125909203083264,naeelmahmud,
1111189075,notpokolo,Thailand
1930957155898634240,AdityaVash31976,
237085851,aquasun_,
1930605492096909312,yaohuazhongxue,
1826288793093304320,zhngchn40696673,
1885008941853122560,OussamaFir76969,
1655462291511611397,S_O_K_Y830,Âåó‰∫¨
1809688453996769283,Lorenzo74132473,
1931278845061353472,Zhiyi1539Zhiyi,
1567950501584535576,jbabyx3105,"Dublin, Ireland"
1410978917993771009,Real_indian0,
1607219747267153921,bosir_hossain,"Barisal, Bangladesh"
1226393870805667840,isuleiman673,Sokoto
1161526760074297345,peanutjamtoast,
1931205511304912896,FarEast6522,
4114075632,ferdi05thangkhi,Meghalaya
1931274874481430528,ALYANIGS,
1931276635174764544,Senka33194779,
15193593,marswesen,
1679560765986971652,Red_eye_37,Earth. 
1837319721793761281,IHlamvana,
1853924786776223744,opeyemiforex,
1875852598240313344,RoXw0l7o,
1872915305782988800,BrandonSDahlke,"Long Beach, CA"
1657646967529537536,nerah727,
1923493245382000640,ayza99675,
1929449876481511424,rxdsmhh,
1531533052362362880,noah132456,
1900519388991946752,jeasonlee584395,
1925161930550874112,SALED_UNITED,
1682814303424897024,SlimmyKesh,"Kampala, Uganda"
1894809848165896192,LlcOliver,
1525380402604818432,_shreyas____,"Thane, India"
1838747492877283328,Ofsteelandheart,Multi-ship feel free to ask
1519705094274830336,darren1003061,
1779181051824443392,mmahtabam07,
1702174325938479104,NANInani074,
1931267447446818816,Maxtuonete,
1903086255853973505,Darknxh,
1927720495689895937,Manicharan23629,
1793702445991723008,iaboof,Bikini Bottom
1903973014288605184,Asad_pathann,
1654528987027357697,Pranav_kaarthic,
1916382118718148608,MdRoni1998,
1685235693474496513,TrianandaV38733,
1931265329063395328,beraldnico40446,Europe
1850719663090712576,SawLakshya76223,
1931265430137782272,BlueSky421638,
1931264624285954048,Leoza665,
1191072158727987200,9ri3adlInkmdfga,
1921239880270835713,VizziArya,
1345584974729150467,Eureka03719,
1243447132478193665,kingkitaho,
1931260606394634240,badman_jayy,
1931262421467103232,gejhfd95785,
1840184934797021184,Taniyn867,
1920842422822858752,Aaravisonx,
702942717693788160,Elpepito936,"Pennsylvania, USA"
1886388473860620288,jntm28081,
1931260891636629504,mhoyhs95387,
1931038974036115456,HaramiKto196794,
1931257772093710336,IEvFDOzLrH99,
1931246848871718912,LeeroyTb38636,"Illinois, USA"
1818976270203412480,miguel_jel65514,
1797707724827820034,AbuAbu144589,
1930674338421719040,LeaMatamba22600,
1931257633941700608,Christiani22863,
1931255602896146432,kivi_jimomi,
1845030344296366080,oh_seng16534,
1483325515973140480,alwaysvicky24,India
1880283654842204160,vnp2bjcgqz,
1901046261475930114,R3Dxx13,
1931255541851942912,Babu7791,
1601613843859668992,mdriyadahmedff,Gobindogong
1849925979705139200,AbrionDee67380,
1761469565974745088,initialbtw,
1399489820917907458,TmgWolv,UK
1921158727572328448,OlivaViaje61774,
1926526659764568064,Zhi_inv,
1931236262301560832,md2761248311962,"Winburg, South Africa"
1401538304726777858,lockxamber,"Amarillo, TX"
1931252481952284672,g_alhoussain,
1906830274467397633,XXozart,
1931002479765749760,NolliLil10392,
1811020218938130432,aromagom,
1113360033293541376,faeezzaini_,Somewhere i belong
1251467824934973440,masuhhallubibah,
1931244700088107008,_sznabhya,
1879955355821559808,EmmanuelOp20402,
1928662579364204544,safsaf_pnd,
1876961200631889920,LordOfDagger,
945092465371082752,fantashokata667,üáµüá∏üáµüá∏üáµüá∏
1931247038420959233,SanjayKann24645,
1802504637183848448,bendover15552,
1545724056007229440,matthews_tae,
618272085,ahm7912,Abu Dhabi
1420938341806129157,laeha_m,
1930726847777767424,FodenxCherki,
1914193214002610176,2luckiiii,
1565486623361490947,JorgeRa72125611,
1931018970678861824,pleasednimeee,
1564381380364144640,PatrickDuawu,
1931043983058223104,muqsit_sha81460,
1879677202247114752,BinghamAmb16129,
1644412016436838400,hardik_khatri26,
1617213881935400960,GoboFraggleX,
1549119557914198021,PanchoGatoMiau,
1929713834388082692,FreddyKnownfo,"North Carolina, USA"
1811576565806837761,Br4iys,Braiys
1929634876430462976,K2Caps,
1927469312840810496,PanaderoRD,Santo Domingo
1883174611279564800,SafirHela,
1889258082775212032,RavenHanz183736,
1931224453079584768,Rayworld1153,
1317251631050874880,vznzxz,India
1921881762956976128,speeddaucu,
1930841100098654208,takamichi1303,
1698144426961305600,BorrisKit1,
1162215460542136327,AmaNecko1,@AmaNecko_VRC
2465782974,IamMalikHZ,ÿßÿ®Ÿàÿ∏€Åÿ®€å 
345367334,KhalidWageh,Cairo
84564659,lyndonlpz,"Goa, India"
1919597779061768198,zayedmee,
1931226273197760512,shihab964024,"Mymensingh, Bangladesh "
1907361579865436160,HodgesElij18401,
1931203371790389248,28G6AboYN285963,
1795663407678668800,QahefYazan,
1930240544900251648,YousefProg85959,
1332875726542958592,iamarun1905,us
1931229470675144704,tommy6179137555,
1931228927143329792,Bendeussss,
1774619056768798721,JMata13168,
536960044,capNoShow,
1923435302858936320,add_nick18629j,
1822014089394319362,PickIebutter,
1931011045369524224,HuuThangdz35nb,
1931212435224215552,dorothy45977,China
1750811670920966144,JiaLuo62093,GuangZhou
1931030673441058816,Adhithyaraj_16,
1930891900715782144,off_thug71748,edo nigeria
1814025155951144960,AdemolaAde86850,
1757765678986137600,Morad1740380,
1930347478999592960,AceLogic23,United States
1930636742950076416,armanmalik31332,
1931209645378662400,DeeMoneyWho,
1930274629811351556,jcrrispyy,
1803041622675816448,Konah_1,
1822879596112662528,jevon4saints,I follow back üòä  he/him mixed
1820797134620200960,levI95538829,
1688955472575967257,emzasway,
1740072419128455168,kevinxu0625759,
1931199930028396544,UDf79EHU4c21589,
1721560121883705344,____diva____37,
1785262539200241664,mrremytheguy,
1764120574585090048,xSonicSpeedMan,
1780738425861087232,Raver5646146483,
1931013212947755008,LukeK24774,
1906410920349483008,ParasGu83945028,
1716656473382473728,AnthonyOrt42724,
1900061744032063488,w59165,
1717197646912540672,toukitahmid2004,"Chittagong, Bangladesh"
1809465653361012740,JorgenVonStra,
1930997822180171776,K4127369186972,
1560528074479128576,KhamlarF6,
1046426030771236864,httpsamdean,"Leeds, England"
1931068011370409984,jakerr113,
1821227069390372864,ObiVision12,"Italy, Vicenza veneto"
1930752208964124672,eke_kennet33802,
1644539690593206272,GabriellKZ7,"Rio de Janeiro, Brazil"
1878785028664217600,EAlviola55501,
1912470633382047747,Vanessa64654929,
1931203580607811584,wcoincrypto,
1931205187303292928,babubirdgg,
1927847447608569856,knotadamm,
1930834779420901376,619ricardo_,
1370708145077682178,RevuUwu,
1893416501186830340,dan2blunt,
1881436187023548416,d44542,
1930704580460924928,nasser7283727,
1877450962383560704,7d1ff0,"Niter√≥i, Brasil"
1519391932736102401,AngelDemon_24,
1931203318224912384,AbshireAst22722,Lake Arjunshire
1921502620226854912,arjunkumar0016,
1547865189407604736,danso_berchie,
1553809166,mbjr_24,
1930964601031585792,ZadChintan_5,
1931179369843576832,12problmezz,
1931194700850987008,Dosherrr,
1919259788166287360,JavierSoli96513,
1846226446425210880,MHastesko1,
1510748863216377857,Blake0982,
1929851132907761664,poorna90896,
1931052298215792642,KTF2004,
1909649227422294016,Luarayn,
1930619006798471168,eunaosei1533_,
1931190463404617728,Mawmawbibibii,Behind you
1931173294813618176,SPlD333R,
1528098185230528512,Mason10514913,
1911396057071693824,JMcinish24860,
1828632933764038657,CarrilloSo95240,
1931192556123267072,dulbar09,
1930811896774742016,LauraHe2025,
1930665182541602817,Bhagwat9919J,
1924295263717629952,0Palpitate,
1558115153027252226,Denulinenya,
1877255836403425280,AbdurRahma11595,
1912389564624420864,Wanfeng521058,
1853751207040581632,saadat246,Bangladesh
1901719768400531456,X_yolo69,
1859262895718268928,BaraoAires,"California, USA"
1931186403939090432,WR5908120473642,"Los Angeles, CA"
1891987830026448896,jblspeakeragain,
1907040460054695936,zhang_jia61847,Ê∑±Âú≥
1930264132894502915,iwiiinnzx,
1433185861533904897,Niobelitocruz,üá®üá∫
1924308108987506688,Jeff_duh_,
1854968248149684224,maheshguduru14,
1187446823243436034,iamoyr,
1925439758580555776,AmitBiswas0101,
1470254342733246469,reservabrunoo,
1495395135408197632,CedricBaltazar,
1931179913853464576,iopez2209,
1676246293608562689,Aryan_kun001,
1719645878187929600,thtguyabdullah,"Karachi, Pakistan"
1930456407821955075,Loramite_,Philadelphia
1865132446313791488,MohamedChe25474,
1889016240271994880,MuaazTaluk95897,
1822483537502797824,DinoXD_001,
1286156516236521472,liul74768,
1776583433051078657,Stitch199289327,
1778784690981253120,lm__tyler,üß∏‚ù§Ô∏è‚Äçü©π
311300418,lawyera_q8tia,
551543100,Taylor_FG,tpwrzoak@tubermail.com
1663016289563213825,AndrewLang85371,
1673681276,juiantolosaarg,Ciudad Aut√≥noma de Buenos Aire
1931172196266971136,Zidane_Syahreza,
1501514488977453061,SproxtonJack,
1931033155395571714,qhalishhid19724,
1931090565204242432,JessieJane777,"Idaho, USA"
1291736809102286857,HemnWalid,
2692119028,felipelagel_,"Rio de Janeiro, Brasil"
1931165023868723200,And03993651Luis,
1931155045736644609,Extreamers4287,
1106456828383133696,ThushanWickram1,
1724816029153648641,hanxzlonely,
1537788825472483329,zTPL16QkG0eZxdi,
1931162818314637312,Diogo_mr22,
1931160841954394112,travis_tayor,
3367340296,ana_yrt,Gaza
1931158548152807424,snowie5877,
1508969485113380865,ElianGo38421496,
1392758534924738561,ImanZyyad,
2795688281,EddiePlimmer13,
444310194,w0densday,"Dallas, TX"
1665447873452949516,alimohamed77a,
1475163793848250374,TheYodaV,
1799599335493287936,zichangli210341,
443740808,abakanji,
1930801861080350720,China_nd8,"Itaipua√ßu, Maric√°."
1930769407883767808,JChat232430,
1271551274828345346,powdeystram39,El s√≥tano de Toun
1931152330793062400,huhnin85474,
1931153311438123008,gurtlowkeytuff,
1929490584018051072,Freesoulspiritt,
1889314384909860866,fullruntz,"Philadelphia, PA"
1930333560042332160,unknown_ow3n,"Byram, MS"
1855968848463241216,RandallCab34539,
1057350029885739008,PEDROVINICIUST3,
1594323394627076098,tincuculic1,Republic of Croatia
1776491694348783616,Ahmard_sk,
1931149344121757696,super_six001,
1931135097173938176,kevin_zava15266,
1931147328397983744,Rigo230169,
1926478789296455680,ngbechillin,Jersey
1875973314440724480,oclacyaf43770,
855629608435286016,metdlo38,United States
1919171073054040064,Rizuber,Uruguay
33625819,equilibrisa,
1920640830919897088,emon91315,
1535984894479847424,raphael_alake,
1721197514651516928,Blaze_eze20,"Lagos, Nigeria"
1727217364540813312,ayesha61612,
1727207574401896449,t217794,Antarctica
1764559895829893120,ribitech_2024,
1919579264506122240,Boat2High,
1931140265244274688,potroo1999_,
1931055241790959616,wufengy111,
1931121190753521664,TheFaster611048,
1931140097979879424,foolyouroomme,"Los Angeles, CA"
864541381888528385,__Tomiyama__,Chile
1931029175747465218,Math_Silva98,"Tabo√£o da Serra, Brasil"
1573015923417653254,CommandoAYS,Saudi Arabia
1583993805325451267,superpo62889156,
161130882,calshaw070,USA
1854998591380545537,KhaldAlfrk72805,
1930349745718890496,Pokerface5722,
1197521195467333632,max_Akiyama19,
1929801880777248772,stopthecap711,
1926194178507083776,katpr1815,
1720202192919932928,OVictoorr_,
1931137511184617472,mik2yy__,
1907953060523266048,Lovecelebs25,
1266800801604939781,byolou4,Brazil
451275591,itallo_matteo,
1931124864313597952,by6nglee,
1328756675356966912,MordoXForever,
1516204421251801090,z3nob4,
