Day,MrBeast_Index,IShowSpeed_Index,DojaCat_Index
2022-06-04 00:00:00+00:00,1.0,1.0,1.0
2022-06-06 00:00:00+00:00,1.0031217481789803,1.001230012300123,1.0
2022-06-07 00:00:00+00:00,1.004162330905307,1.009840098400984,1.009433962264151
2022-06-08 00:00:00+00:00,1.0052029136316336,1.01230012300123,1.009433962264151
2022-06-09 00:00:00+00:00,1.0062434963579605,1.014760147601476,1.009433962264151
2022-06-10 00:00:00+00:00,1.0062434963579605,1.017220172201722,1.009433962264151
2022-06-11 00:00:00+00:00,1.0072840790842872,1.0246002460024601,1.009433962264151
2022-06-12 00:00:00+00:00,1.0072840790842872,1.029520295202952,1.009433962264151
2022-06-13 00:00:00+00:00,1.0083246618106139,1.033210332103321,1.009433962264151
2022-06-14 00:00:00+00:00,1.0083246618106139,1.035670356703567,1.009433962264151
2022-06-15 00:00:00+00:00,1.0093652445369408,1.039360393603936,1.009433962264151
2022-06-16 00:00:00+00:00,1.0104058272632674,1.0430504305043051,1.009433962264151
2022-06-17 00:00:00+00:00,1.0104058272632674,1.045510455104551,1.009433962264151
2022-06-18 00:00:00+00:00,1.0104058272632674,1.04920049200492,1.009433962264151
2022-06-19 00:00:00+00:00,1.0114464099895941,1.052890528905289,1.009433962264151
2022-06-20 00:00:00+00:00,1.0114464099895941,1.056580565805658,1.009433962264151
2022-06-21 00:00:00+00:00,1.012486992715921,1.0615006150061501,1.009433962264151
2022-06-22 00:00:00+00:00,1.012486992715921,1.065190651906519,1.009433962264151
2022-06-23 00:00:00+00:00,1.0135275754422477,1.068880688806888,1.009433962264151
2022-06-24 00:00:00+00:00,1.0135275754422477,1.071340713407134,1.0188679245283019
2022-06-25 00:00:00+00:00,1.0145681581685744,1.0738007380073802,1.0188679245283019
2022-06-26 00:00:00+00:00,1.015608740894901,1.0774907749077491,1.0188679245283019
2022-06-27 00:00:00+00:00,1.015608740894901,1.079950799507995,1.0188679245283019
2022-06-28 00:00:00+00:00,1.015608740894901,1.083640836408364,1.0188679245283019
2022-06-29 00:00:00+00:00,1.016649323621228,1.087330873308733,1.0188679245283019
2022-06-30 00:00:00+00:00,1.016649323621228,1.0922509225092252,1.0188679245283019
2022-07-01 00:00:00+00:00,1.0176899063475546,1.0971709717097171,1.0188679245283019
2022-07-02 00:00:00+00:00,1.0187304890738813,1.100861008610086,1.0188679245283019
2022-07-03 00:00:00+00:00,1.0187304890738813,1.1094710947109472,1.0188679245283019
2022-07-04 00:00:00+00:00,1.0197710718002082,1.118081180811808,1.0188679245283019
2022-07-05 00:00:00+00:00,1.0208116545265349,1.1230012300123002,1.0188679245283019
2022-07-06 00:00:00+00:00,1.0218522372528616,1.132841328413284,1.0188679245283019
2022-07-07 00:00:00+00:00,1.0218522372528616,1.1402214022140222,1.0188679245283019
2022-07-08 00:00:00+00:00,1.0228928199791882,1.1476014760147601,1.0188679245283019
2022-07-11 00:00:00+00:00,1.0249739854318418,1.152521525215252,1.0188679245283019
2022-07-12 00:00:00+00:00,1.0260145681581685,1.1758917589175892,1.0188679245283019
2022-07-13 00:00:00+00:00,1.0270551508844954,1.1845018450184501,1.028301886792453
2022-07-14 00:00:00+00:00,1.028095733610822,1.1894218942189423,1.028301886792453
2022-07-15 00:00:00+00:00,1.028095733610822,1.1931119311193112,1.028301886792453
2022-07-16 00:00:00+00:00,1.0291363163371487,1.1955719557195572,1.028301886792453
2022-07-17 00:00:00+00:00,1.0301768990634756,1.2017220172201721,1.028301886792453
2022-07-18 00:00:00+00:00,1.0301768990634756,1.2078720787207873,1.028301886792453
2022-07-19 00:00:00+00:00,1.0312174817898023,1.2140221402214022,1.028301886792453
2022-07-20 00:00:00+00:00,1.032258064516129,1.2214022140221403,1.028301886792453
2022-07-21 00:00:00+00:00,1.0332986472424557,1.2275522755227553,1.028301886792453
2022-07-22 00:00:00+00:00,1.0332986472424557,1.2300123001230012,1.028301886792453
2022-07-23 00:00:00+00:00,1.0343392299687826,1.2423124231242313,1.028301886792453
2022-07-24 00:00:00+00:00,1.0353798126951093,1.2423124231242313,1.028301886792453
2022-07-25 00:00:00+00:00,1.036420395421436,1.2423124231242313,1.028301886792453
2022-07-26 00:00:00+00:00,1.0374609781477628,1.2546125461254614,1.028301886792453
2022-07-27 00:00:00+00:00,1.0385015608740895,1.2546125461254614,1.028301886792453
2022-07-28 00:00:00+00:00,1.0405827263267429,1.2546125461254614,1.028301886792453
2022-07-29 00:00:00+00:00,1.0405827263267429,1.2669126691266912,1.028301886792453
2022-07-30 00:00:00+00:00,1.0405827263267429,1.2669126691266912,1.028301886792453
2022-07-31 00:00:00+00:00,1.0405827263267429,1.2669126691266912,1.028301886792453
2022-08-01 00:00:00+00:00,1.0405827263267429,1.2669126691266912,1.028301886792453
2022-08-02 00:00:00+00:00,1.0405827263267429,1.2792127921279213,1.028301886792453
2022-08-03 00:00:00+00:00,1.0405827263267429,1.2792127921279213,1.028301886792453
2022-08-04 00:00:00+00:00,1.0509885535900103,1.2792127921279213,1.028301886792453
2022-08-05 00:00:00+00:00,1.0509885535900103,1.2792127921279213,1.0377358490566038
2022-08-06 00:00:00+00:00,1.0509885535900103,1.2792127921279213,1.0377358490566038
2022-08-07 00:00:00+00:00,1.0509885535900103,1.2915129151291513,1.0377358490566038
2022-08-08 00:00:00+00:00,1.0509885535900103,1.2915129151291513,1.0377358490566038
2022-08-09 00:00:00+00:00,1.0613943808532778,1.2915129151291513,1.0377358490566038
2022-08-10 00:00:00+00:00,1.0613943808532778,1.3038130381303814,1.0377358490566038
2022-08-11 00:00:00+00:00,1.0613943808532778,1.3038130381303814,1.0377358490566038
2022-08-12 00:00:00+00:00,1.0613943808532778,1.3038130381303814,1.0377358490566038
2022-08-13 00:00:00+00:00,1.0613943808532778,1.3038130381303814,1.0377358490566038
2022-08-14 00:00:00+00:00,1.0613943808532778,1.3038130381303814,1.0377358490566038
2022-08-15 00:00:00+00:00,1.0613943808532778,1.3161131611316113,1.0377358490566038
2022-08-16 00:00:00+00:00,1.0613943808532778,1.3161131611316113,1.0377358490566038
2022-08-17 00:00:00+00:00,1.0613943808532778,1.3161131611316113,1.0377358490566038
2022-08-18 00:00:00+00:00,1.0718002081165452,1.3161131611316113,1.0377358490566038
2022-08-19 00:00:00+00:00,1.0718002081165452,1.3161131611316113,1.0377358490566038
2022-08-20 00:00:00+00:00,1.0718002081165452,1.3284132841328413,1.0377358490566038
2022-08-21 00:00:00+00:00,1.0718002081165452,1.3284132841328413,1.0377358490566038
2022-08-22 00:00:00+00:00,1.0718002081165452,1.3284132841328413,1.0377358490566038
2022-08-23 00:00:00+00:00,1.0718002081165452,1.3284132841328413,1.0377358490566038
2022-08-24 00:00:00+00:00,1.0718002081165452,1.3284132841328413,1.0377358490566038
2022-08-25 00:00:00+00:00,1.0718002081165452,1.3284132841328413,1.0377358490566038
2022-08-26 00:00:00+00:00,1.0718002081165452,1.3284132841328413,1.0377358490566038
2022-08-27 00:00:00+00:00,1.0718002081165452,1.3407134071340714,1.0377358490566038
2022-08-28 00:00:00+00:00,1.0718002081165452,1.3407134071340714,1.0377358490566038
2022-08-29 00:00:00+00:00,1.0718002081165452,1.3407134071340714,1.0377358490566038
2022-08-30 00:00:00+00:00,1.0718002081165452,1.3407134071340714,1.0377358490566038
2022-08-31 00:00:00+00:00,1.0718002081165452,1.3407134071340714,1.0377358490566038
2022-09-01 00:00:00+00:00,1.0718002081165452,1.3407134071340714,1.0377358490566038
2022-09-02 00:00:00+00:00,1.0718002081165452,1.3530135301353015,1.0377358490566038
2022-09-03 00:00:00+00:00,1.0718002081165452,1.3530135301353015,1.0377358490566038
2022-09-04 00:00:00+00:00,1.0822060353798126,1.3530135301353015,1.0471698113207548
2022-09-05 00:00:00+00:00,1.0822060353798126,1.3530135301353015,1.0471698113207548
2022-09-06 00:00:00+00:00,1.0822060353798126,1.3530135301353015,1.0471698113207548
2022-09-07 00:00:00+00:00,1.0822060353798126,1.3530135301353015,1.0471698113207548
2022-09-08 00:00:00+00:00,1.0822060353798126,1.3653136531365313,1.0471698113207548
2022-09-09 00:00:00+00:00,1.0822060353798126,1.3653136531365313,1.0471698113207548
2022-09-10 00:00:00+00:00,1.0822060353798126,1.3653136531365313,1.0471698113207548
2022-09-11 00:00:00+00:00,1.0822060353798126,1.3653136531365313,1.0471698113207548
2022-09-12 00:00:00+00:00,1.0822060353798126,1.3653136531365313,1.0471698113207548
2022-09-13 00:00:00+00:00,1.0822060353798126,1.3653136531365313,1.0471698113207548
2022-09-14 00:00:00+00:00,1.0822060353798126,1.3653136531365313,1.0471698113207548
2022-09-15 00:00:00+00:00,1.0822060353798126,1.3653136531365313,1.0471698113207548
2022-09-16 00:00:00+00:00,1.0822060353798126,1.3776137761377614,1.0471698113207548
2022-09-17 00:00:00+00:00,1.0822060353798126,1.3776137761377614,1.0471698113207548
2022-09-18 00:00:00+00:00,1.0822060353798126,1.3776137761377614,1.0471698113207548
2022-09-19 00:00:00+00:00,1.0822060353798126,1.3776137761377614,1.0471698113207548
2022-09-20 00:00:00+00:00,1.0822060353798126,1.3776137761377614,1.0471698113207548
2022-09-21 00:00:00+00:00,1.0822060353798126,1.3776137761377614,1.0471698113207548
2022-09-22 00:00:00+00:00,1.0822060353798126,1.3776137761377614,1.0471698113207548
2022-09-23 00:00:00+00:00,1.0822060353798126,1.3899138991389914,1.0471698113207548
2022-09-24 00:00:00+00:00,1.0822060353798126,1.3899138991389914,1.0471698113207548
2022-09-25 00:00:00+00:00,1.09261186264308,1.4022140221402215,1.0471698113207548
2022-09-26 00:00:00+00:00,1.09261186264308,1.4022140221402215,1.0471698113207548
2022-09-27 00:00:00+00:00,1.09261186264308,1.4022140221402215,1.0471698113207548
2022-09-28 00:00:00+00:00,1.09261186264308,1.4145141451414514,1.0471698113207548
2022-09-29 00:00:00+00:00,1.09261186264308,1.4145141451414514,1.0471698113207548
2022-09-30 00:00:00+00:00,1.09261186264308,1.4145141451414514,1.0471698113207548
2022-10-01 00:00:00+00:00,1.09261186264308,1.4145141451414514,1.0471698113207548
2022-10-02 00:00:00+00:00,1.09261186264308,1.4145141451414514,1.0471698113207548
2022-10-03 00:00:00+00:00,1.09261186264308,1.4145141451414514,1.0471698113207548
2022-10-04 00:00:00+00:00,1.09261186264308,1.4268142681426814,1.0471698113207548
2022-10-05 00:00:00+00:00,1.09261186264308,1.4268142681426814,1.0471698113207548
2022-10-06 00:00:00+00:00,1.09261186264308,1.4391143911439115,1.0471698113207548
2022-10-07 00:00:00+00:00,1.09261186264308,1.4391143911439115,1.0471698113207548
2022-10-08 00:00:00+00:00,1.09261186264308,1.4514145141451416,1.0471698113207548
2022-10-09 00:00:00+00:00,1.09261186264308,1.4514145141451416,1.0471698113207548
2022-10-10 00:00:00+00:00,1.09261186264308,1.4514145141451416,1.0471698113207548
2022-10-11 00:00:00+00:00,1.1030176899063475,1.4637146371463714,1.0471698113207548
2022-10-12 00:00:00+00:00,1.1030176899063475,1.4637146371463714,1.0471698113207548
2022-10-13 00:00:00+00:00,1.1030176899063475,1.4637146371463714,1.0566037735849056
2022-10-14 00:00:00+00:00,1.1030176899063475,1.4760147601476015,1.0566037735849056
2022-10-15 00:00:00+00:00,1.1030176899063475,1.4760147601476015,1.0566037735849056
2022-10-16 00:00:00+00:00,1.1030176899063475,1.4883148831488315,1.0566037735849056
2022-10-17 00:00:00+00:00,1.1030176899063475,1.4883148831488315,1.0566037735849056
2022-10-18 00:00:00+00:00,1.1030176899063475,1.4883148831488315,1.0566037735849056
2022-10-19 00:00:00+00:00,1.1030176899063475,1.5006150061500616,1.0566037735849056
2022-10-20 00:00:00+00:00,1.1030176899063475,1.5006150061500616,1.0566037735849056
2022-10-21 00:00:00+00:00,1.1030176899063475,1.5006150061500616,1.0566037735849056
2022-10-22 00:00:00+00:00,1.1030176899063475,1.5006150061500616,1.0566037735849056
2022-10-23 00:00:00+00:00,1.113423517169615,1.5129151291512914,1.0566037735849056
2022-10-24 00:00:00+00:00,1.113423517169615,1.5129151291512914,1.0566037735849056
2022-10-25 00:00:00+00:00,1.113423517169615,1.5129151291512914,1.0566037735849056
2022-10-26 00:00:00+00:00,1.113423517169615,1.5129151291512914,1.0566037735849056
2022-10-27 00:00:00+00:00,1.113423517169615,1.5252152521525215,1.0566037735849056
2022-10-28 00:00:00+00:00,1.1238293444328824,1.5252152521525215,1.0566037735849056
2022-10-29 00:00:00+00:00,1.1238293444328824,1.5252152521525215,1.0566037735849056
2022-10-30 00:00:00+00:00,1.1238293444328824,1.5252152521525215,1.0566037735849056
2022-10-31 00:00:00+00:00,1.1238293444328824,1.5375153751537516,1.0566037735849056
2022-11-01 00:00:00+00:00,1.1342351716961498,1.5375153751537516,1.0566037735849056
2022-11-02 00:00:00+00:00,1.1342351716961498,1.5375153751537516,1.0566037735849056
2022-11-03 00:00:00+00:00,1.1342351716961498,1.5498154981549817,1.0566037735849056
2022-11-04 00:00:00+00:00,1.1342351716961498,1.5498154981549817,1.0566037735849056
2022-11-05 00:00:00+00:00,1.1342351716961498,1.5621156211562115,1.0566037735849056
2022-11-06 00:00:00+00:00,1.1446409989594173,1.5621156211562115,1.0566037735849056
2022-11-07 00:00:00+00:00,1.1446409989594173,1.5621156211562115,1.0566037735849056
2022-11-08 00:00:00+00:00,1.1446409989594173,1.5744157441574416,1.0566037735849056
2022-11-09 00:00:00+00:00,1.1446409989594173,1.5744157441574416,1.0566037735849056
2022-11-10 00:00:00+00:00,1.1446409989594173,1.5867158671586716,1.0566037735849056
2022-11-11 00:00:00+00:00,1.1550468262226847,1.5990159901599017,1.0566037735849056
2022-11-12 00:00:00+00:00,1.1550468262226847,1.6113161131611315,1.0566037735849056
2022-11-13 00:00:00+00:00,1.1550468262226847,1.6113161131611315,1.0566037735849056
2022-11-14 00:00:00+00:00,1.1550468262226847,1.6236162361623616,1.0566037735849056
2022-11-15 00:00:00+00:00,1.1550468262226847,1.6236162361623616,1.0566037735849056
2022-11-16 00:00:00+00:00,1.1654526534859522,1.6236162361623616,1.0566037735849056
2022-11-17 00:00:00+00:00,1.1654526534859522,1.6359163591635917,1.0566037735849056
2022-11-18 00:00:00+00:00,1.1654526534859522,1.6359163591635917,1.0566037735849056
2022-11-19 00:00:00+00:00,1.1654526534859522,1.6359163591635917,1.0566037735849056
2022-11-20 00:00:00+00:00,1.1654526534859522,1.6482164821648218,1.0566037735849056
2022-11-21 00:00:00+00:00,1.1758584807492196,1.6482164821648218,1.0566037735849056
2022-11-22 00:00:00+00:00,1.1758584807492196,1.6482164821648218,1.0566037735849056
2022-11-23 00:00:00+00:00,1.1758584807492196,1.6605166051660516,1.0566037735849056
2022-11-24 00:00:00+00:00,1.1758584807492196,1.6605166051660516,1.0566037735849056
2022-11-25 00:00:00+00:00,1.1758584807492196,1.6728167281672817,1.0566037735849056
2022-11-26 00:00:00+00:00,1.1758584807492196,1.6728167281672817,1.0566037735849056
2022-11-27 00:00:00+00:00,1.1758584807492196,1.6728167281672817,1.0566037735849056
2022-11-28 00:00:00+00:00,1.186264308012487,1.6851168511685117,1.0566037735849056
2022-11-29 00:00:00+00:00,1.186264308012487,1.6851168511685117,1.0566037735849056
2022-11-30 00:00:00+00:00,1.186264308012487,1.6851168511685117,1.0566037735849056
2022-12-01 00:00:00+00:00,1.1966701352757545,1.6974169741697418,1.0566037735849056
2022-12-02 00:00:00+00:00,1.1966701352757545,1.6974169741697418,1.0566037735849056
2022-12-03 00:00:00+00:00,1.1966701352757545,1.6974169741697418,1.0660377358490567
2022-12-04 00:00:00+00:00,1.1966701352757545,1.6974169741697418,1.0660377358490567
2022-12-05 00:00:00+00:00,1.207075962539022,1.7220172201722017,1.0660377358490567
2022-12-06 00:00:00+00:00,1.207075962539022,1.7220172201722017,1.0660377358490567
2022-12-07 00:00:00+00:00,1.207075962539022,1.7343173431734318,1.0660377358490567
2022-12-08 00:00:00+00:00,1.2174817898022894,1.7343173431734318,1.0660377358490567
2022-12-09 00:00:00+00:00,1.2174817898022894,1.7466174661746618,1.0660377358490567
2022-12-10 00:00:00+00:00,1.2174817898022894,1.7466174661746618,1.0660377358490567
2022-12-11 00:00:00+00:00,1.2278876170655566,1.7589175891758917,1.0660377358490567
2022-12-12 00:00:00+00:00,1.2278876170655566,1.7589175891758917,1.0660377358490567
2022-12-13 00:00:00+00:00,1.2278876170655566,1.7712177121771218,1.0660377358490567
2022-12-14 00:00:00+00:00,1.238293444328824,1.7712177121771218,1.0660377358490567
2022-12-15 00:00:00+00:00,1.238293444328824,1.7712177121771218,1.0660377358490567
2022-12-16 00:00:00+00:00,1.2486992715920915,1.7835178351783518,1.0660377358490567
2022-12-17 00:00:00+00:00,1.2486992715920915,1.795817958179582,1.0660377358490567
2022-12-18 00:00:00+00:00,1.259105098855359,1.7835178351783518,1.0660377358490567
2022-12-19 00:00:00+00:00,1.259105098855359,1.795817958179582,1.0660377358490567
2022-12-20 00:00:00+00:00,1.2695109261186264,1.8081180811808117,1.0660377358490567
2022-12-21 00:00:00+00:00,1.2695109261186264,1.8081180811808117,1.0660377358490567
2022-12-22 00:00:00+00:00,1.2695109261186264,1.8204182041820418,1.0660377358490567
2022-12-23 00:00:00+00:00,1.2695109261186264,1.8204182041820418,1.0660377358490567
2022-12-24 00:00:00+00:00,1.2799167533818938,1.8204182041820418,1.0660377358490567
2022-12-25 00:00:00+00:00,1.2799167533818938,1.8204182041820418,1.0660377358490567
2022-12-26 00:00:00+00:00,1.2799167533818938,1.8327183271832719,1.0660377358490567
2022-12-27 00:00:00+00:00,1.2903225806451613,1.8327183271832719,1.0660377358490567
2022-12-28 00:00:00+00:00,1.2903225806451613,1.8327183271832719,1.0660377358490567
2022-12-29 00:00:00+00:00,1.2903225806451613,1.8327183271832719,1.0660377358490567
2022-12-30 00:00:00+00:00,1.3007284079084287,1.845018450184502,1.0660377358490567
2022-12-31 00:00:00+00:00,1.3007284079084287,1.845018450184502,1.0660377358490567
2023-01-01 00:00:00+00:00,1.3007284079084287,1.845018450184502,1.0660377358490567
2023-01-02 00:00:00+00:00,1.3007284079084287,1.8573185731857318,1.0660377358490567
2023-01-03 00:00:00+00:00,1.3111342351716961,1.8573185731857318,1.0660377358490567
2023-01-04 00:00:00+00:00,1.3111342351716961,1.8573185731857318,1.0660377358490567
2023-01-05 00:00:00+00:00,1.3111342351716961,1.8573185731857318,1.0660377358490567
2023-01-06 00:00:00+00:00,1.3111342351716961,1.8573185731857318,1.0660377358490567
2023-01-07 00:00:00+00:00,1.3111342351716961,1.8696186961869619,1.0660377358490567
2023-01-08 00:00:00+00:00,1.3215400624349636,1.8696186961869619,1.0660377358490567
2023-01-09 00:00:00+00:00,1.3215400624349636,1.8696186961869619,1.0660377358490567
2023-01-10 00:00:00+00:00,1.3215400624349636,1.8696186961869619,1.0660377358490567
2023-01-11 00:00:00+00:00,1.3215400624349636,1.8696186961869619,1.0660377358490567
2023-01-12 00:00:00+00:00,1.3215400624349636,1.8696186961869619,1.0660377358490567
2023-01-13 00:00:00+00:00,1.3215400624349636,1.8696186961869619,1.0660377358490567
2023-01-14 00:00:00+00:00,1.331945889698231,1.881918819188192,1.0660377358490567
2023-01-15 00:00:00+00:00,1.331945889698231,1.881918819188192,1.0660377358490567
2023-01-16 00:00:00+00:00,1.331945889698231,1.881918819188192,1.0660377358490567
2023-01-17 00:00:00+00:00,1.331945889698231,1.881918819188192,1.0660377358490567
2023-01-18 00:00:00+00:00,1.331945889698231,1.881918819188192,1.0660377358490567
2023-01-19 00:00:00+00:00,1.331945889698231,1.881918819188192,1.0660377358490567
2023-01-20 00:00:00+00:00,1.331945889698231,1.881918819188192,1.0660377358490567
2023-01-21 00:00:00+00:00,1.3423517169614985,1.894218942189422,1.0660377358490567
2023-01-22 00:00:00+00:00,1.3423517169614985,1.894218942189422,1.0660377358490567
2023-01-23 00:00:00+00:00,1.3423517169614985,1.894218942189422,1.0660377358490567
2023-01-24 00:00:00+00:00,1.3423517169614985,1.894218942189422,1.0660377358490567
2023-01-25 00:00:00+00:00,1.3423517169614985,1.894218942189422,1.0660377358490567
2023-01-26 00:00:00+00:00,1.3423517169614985,1.894218942189422,1.0754716981132075
2023-01-27 00:00:00+00:00,1.3423517169614985,1.894218942189422,1.0754716981132075
2023-01-28 00:00:00+00:00,1.3423517169614985,1.894218942189422,1.0754716981132075
2023-01-29 00:00:00+00:00,1.352757544224766,1.894218942189422,1.0754716981132075
2023-01-30 00:00:00+00:00,1.352757544224766,1.894218942189422,1.0754716981132075
2023-01-31 00:00:00+00:00,1.3631633714880333,1.9065190651906518,1.0754716981132075
2023-02-01 00:00:00+00:00,1.3631633714880333,1.9065190651906518,1.0754716981132075
2023-02-02 00:00:00+00:00,1.3631633714880333,1.9065190651906518,1.0754716981132075
2023-02-03 00:00:00+00:00,1.3631633714880333,1.9065190651906518,1.0754716981132075
2023-02-04 00:00:00+00:00,1.3735691987513008,1.9065190651906518,1.0754716981132075
2023-02-05 00:00:00+00:00,1.3735691987513008,1.9065190651906518,1.0754716981132075
2023-02-06 00:00:00+00:00,1.3735691987513008,1.9065190651906518,1.0754716981132075
2023-02-07 00:00:00+00:00,1.3735691987513008,1.9065190651906518,1.0754716981132075
2023-02-08 00:00:00+00:00,1.3735691987513008,1.9065190651906518,1.0754716981132075
2023-02-09 00:00:00+00:00,1.3839750260145682,1.918819188191882,1.0754716981132075
2023-02-10 00:00:00+00:00,1.3839750260145682,1.918819188191882,1.0754716981132075
2023-02-11 00:00:00+00:00,1.3839750260145682,1.918819188191882,1.0754716981132075
2023-02-12 00:00:00+00:00,1.3839750260145682,1.918819188191882,1.0754716981132075
2023-02-13 00:00:00+00:00,1.3839750260145682,1.918819188191882,1.0754716981132075
2023-02-14 00:00:00+00:00,1.3839750260145682,1.918819188191882,1.0754716981132075
2023-02-15 00:00:00+00:00,1.3839750260145682,1.918819188191882,1.0754716981132075
2023-02-16 00:00:00+00:00,1.3943808532778357,1.918819188191882,1.0754716981132075
2023-02-17 00:00:00+00:00,1.3943808532778357,1.918819188191882,1.0754716981132075
2023-02-18 00:00:00+00:00,1.3943808532778357,1.918819188191882,1.0754716981132075
2023-02-19 00:00:00+00:00,1.3943808532778357,1.931119311193112,1.0754716981132075
2023-02-20 00:00:00+00:00,1.3943808532778357,1.931119311193112,1.0754716981132075
2023-02-21 00:00:00+00:00,1.3943808532778357,1.931119311193112,1.0754716981132075
2023-02-22 00:00:00+00:00,1.4047866805411031,1.931119311193112,1.0754716981132075
2023-02-23 00:00:00+00:00,1.4047866805411031,1.931119311193112,1.0754716981132075
2023-02-24 00:00:00+00:00,1.4047866805411031,1.931119311193112,1.0754716981132075
2023-02-25 00:00:00+00:00,1.4047866805411031,1.931119311193112,1.0754716981132075
2023-02-26 00:00:00+00:00,1.4047866805411031,1.943419434194342,1.0754716981132075
2023-02-27 00:00:00+00:00,1.4151925078043703,1.943419434194342,1.0754716981132075
2023-02-28 00:00:00+00:00,1.4151925078043703,1.943419434194342,1.0754716981132075
2023-03-01 00:00:00+00:00,1.4151925078043703,1.943419434194342,1.0754716981132075
2023-03-02 00:00:00+00:00,1.4151925078043703,1.943419434194342,1.0754716981132075
2023-03-03 00:00:00+00:00,1.4151925078043703,1.943419434194342,1.0754716981132075
2023-03-04 00:00:00+00:00,1.4151925078043703,1.943419434194342,1.0754716981132075
2023-03-05 00:00:00+00:00,1.4151925078043703,1.943419434194342,1.0754716981132075
2023-03-06 00:00:00+00:00,1.4151925078043703,1.943419434194342,1.0754716981132075
2023-03-07 00:00:00+00:00,1.4151925078043703,1.943419434194342,1.0754716981132075
2023-03-08 00:00:00+00:00,1.4255983350676378,1.955719557195572,1.0754716981132075
2023-03-09 00:00:00+00:00,1.4255983350676378,1.955719557195572,1.0754716981132075
2023-03-10 00:00:00+00:00,1.4255983350676378,1.955719557195572,1.0754716981132075
2023-03-11 00:00:00+00:00,1.4255983350676378,1.955719557195572,1.0754716981132075
2023-03-12 00:00:00+00:00,1.4255983350676378,1.955719557195572,1.0754716981132075
2023-03-13 00:00:00+00:00,1.4255983350676378,1.955719557195572,1.0754716981132075
2023-03-14 00:00:00+00:00,1.4255983350676378,1.968019680196802,1.0754716981132075
2023-03-15 00:00:00+00:00,1.4255983350676378,1.968019680196802,1.0754716981132075
2023-03-16 00:00:00+00:00,1.4255983350676378,1.968019680196802,1.0754716981132075
2023-03-17 00:00:00+00:00,1.4255983350676378,1.968019680196802,1.0754716981132075
2023-03-18 00:00:00+00:00,1.4255983350676378,1.968019680196802,1.0754716981132075
2023-03-19 00:00:00+00:00,1.4360041623309052,1.968019680196802,1.0849056603773586
2023-03-20 00:00:00+00:00,1.4360041623309052,1.980319803198032,1.0849056603773586
2023-03-21 00:00:00+00:00,1.4360041623309052,1.980319803198032,1.0849056603773586
2023-03-22 00:00:00+00:00,1.4360041623309052,1.980319803198032,1.0849056603773586
2023-03-23 00:00:00+00:00,1.4360041623309052,1.980319803198032,1.0849056603773586
2023-03-24 00:00:00+00:00,1.4360041623309052,1.980319803198032,1.0849056603773586
2023-03-25 00:00:00+00:00,1.4360041623309052,1.980319803198032,1.0849056603773586
2023-03-26 00:00:00+00:00,1.4360041623309052,1.980319803198032,1.0849056603773586
2023-03-27 00:00:00+00:00,1.4360041623309052,1.992619926199262,1.0849056603773586
2023-03-28 00:00:00+00:00,1.4464099895941727,1.992619926199262,1.0849056603773586
2023-03-29 00:00:00+00:00,1.4464099895941727,1.992619926199262,1.0849056603773586
2023-03-30 00:00:00+00:00,1.4464099895941727,1.992619926199262,1.0849056603773586
2023-03-31 00:00:00+00:00,1.4464099895941727,1.992619926199262,1.0849056603773586
2023-04-01 00:00:00+00:00,1.4464099895941727,1.992619926199262,1.0849056603773586
2023-04-02 00:00:00+00:00,1.45681581685744,1.992619926199262,1.0849056603773586
2023-04-03 00:00:00+00:00,1.45681581685744,1.992619926199262,1.0849056603773586
2023-04-04 00:00:00+00:00,1.45681581685744,1.992619926199262,1.0849056603773586
2023-04-05 00:00:00+00:00,1.45681581685744,2.004920049200492,1.0849056603773586
2023-04-06 00:00:00+00:00,1.4672216441207075,2.004920049200492,1.0849056603773586
2023-04-07 00:00:00+00:00,1.477627471383975,2.004920049200492,1.0849056603773586
2023-04-08 00:00:00+00:00,1.4880332986472424,2.004920049200492,1.0849056603773586
2023-04-09 00:00:00+00:00,1.4880332986472424,2.004920049200492,1.0849056603773586
2023-04-10 00:00:00+00:00,1.4984391259105099,2.004920049200492,1.0849056603773586
2023-04-11 00:00:00+00:00,1.4984391259105099,2.004920049200492,1.0849056603773586
2023-04-12 00:00:00+00:00,1.5088449531737773,2.004920049200492,1.0849056603773586
2023-04-13 00:00:00+00:00,1.5088449531737773,2.004920049200492,1.0849056603773586
2023-04-14 00:00:00+00:00,1.5088449531737773,2.004920049200492,1.0849056603773586
2023-04-15 00:00:00+00:00,1.5088449531737773,2.0172201722017222,1.0849056603773586
2023-04-16 00:00:00+00:00,1.5192507804370448,2.0172201722017222,1.0849056603773586
2023-04-17 00:00:00+00:00,1.5192507804370448,2.0172201722017222,1.0849056603773586
2023-04-18 00:00:00+00:00,1.5192507804370448,2.0172201722017222,1.0849056603773586
2023-04-19 00:00:00+00:00,1.5192507804370448,2.0172201722017222,1.0849056603773586
2023-04-20 00:00:00+00:00,1.5296566077003122,2.0172201722017222,1.0849056603773586
2023-04-21 00:00:00+00:00,1.5296566077003122,2.0172201722017222,1.0849056603773586
2023-04-22 00:00:00+00:00,1.5296566077003122,2.0172201722017222,1.0849056603773586
2023-04-23 00:00:00+00:00,1.5296566077003122,2.0172201722017222,1.0849056603773586
2023-04-24 00:00:00+00:00,1.5400624349635796,2.029520295202952,1.0849056603773586
2023-04-25 00:00:00+00:00,1.5400624349635796,2.029520295202952,1.0849056603773586
2023-04-26 00:00:00+00:00,1.5400624349635796,2.029520295202952,1.0849056603773586
2023-04-27 00:00:00+00:00,1.5400624349635796,2.029520295202952,1.0849056603773586
2023-04-28 00:00:00+00:00,1.5400624349635796,2.029520295202952,1.0849056603773586
2023-04-29 00:00:00+00:00,1.550468262226847,2.029520295202952,1.0849056603773586
2023-04-30 00:00:00+00:00,1.550468262226847,2.029520295202952,1.0849056603773586
2023-05-01 00:00:00+00:00,1.550468262226847,2.029520295202952,1.0849056603773586
2023-05-02 00:00:00+00:00,1.5608740894901145,2.041820418204182,1.0849056603773586
2023-05-03 00:00:00+00:00,1.5608740894901145,2.041820418204182,1.0849056603773586
2023-05-04 00:00:00+00:00,1.5608740894901145,2.041820418204182,1.0849056603773586
2023-05-05 00:00:00+00:00,1.5608740894901145,2.041820418204182,1.0849056603773586
2023-05-06 00:00:00+00:00,1.5608740894901145,2.041820418204182,1.0849056603773586
2023-05-07 00:00:00+00:00,1.571279916753382,2.041820418204182,1.0849056603773586
2023-05-08 00:00:00+00:00,1.571279916753382,2.041820418204182,1.0849056603773586
2023-05-09 00:00:00+00:00,1.5816857440166494,2.041820418204182,1.0849056603773586
2023-05-10 00:00:00+00:00,1.5816857440166494,2.041820418204182,1.0849056603773586
2023-05-11 00:00:00+00:00,1.5816857440166494,2.041820418204182,1.0849056603773586
2023-05-12 00:00:00+00:00,1.5816857440166494,2.041820418204182,1.0849056603773586
2023-05-13 00:00:00+00:00,1.5816857440166494,2.041820418204182,1.0849056603773586
2023-05-14 00:00:00+00:00,1.5920915712799169,2.041820418204182,1.0849056603773586
2023-05-15 00:00:00+00:00,1.5920915712799169,2.041820418204182,1.0849056603773586
2023-05-16 00:00:00+00:00,1.5920915712799169,2.041820418204182,1.0849056603773586
2023-05-17 00:00:00+00:00,1.5920915712799169,2.054120541205412,1.0849056603773586
2023-05-18 00:00:00+00:00,1.5920915712799169,2.054120541205412,1.0849056603773586
2023-05-19 00:00:00+00:00,1.5920915712799169,2.054120541205412,1.0849056603773586
2023-05-20 00:00:00+00:00,1.6024973985431843,2.054120541205412,1.0849056603773586
2023-05-21 00:00:00+00:00,1.6024973985431843,2.054120541205412,1.0849056603773586
2023-05-22 00:00:00+00:00,1.6024973985431843,2.054120541205412,1.0943396226415094
2023-05-23 00:00:00+00:00,1.6024973985431843,2.054120541205412,1.0943396226415094
2023-05-24 00:00:00+00:00,1.6024973985431843,2.054120541205412,1.0943396226415094
2023-05-25 00:00:00+00:00,1.6129032258064515,2.054120541205412,1.0943396226415094
2023-05-26 00:00:00+00:00,1.6129032258064515,2.054120541205412,1.0943396226415094
2023-05-27 00:00:00+00:00,1.6129032258064515,2.054120541205412,1.0943396226415094
2023-05-28 00:00:00+00:00,1.6129032258064515,2.054120541205412,1.0943396226415094
2023-05-29 00:00:00+00:00,1.623309053069719,2.066420664206642,1.0943396226415094
2023-05-30 00:00:00+00:00,1.623309053069719,2.066420664206642,1.0943396226415094
2023-05-31 04:08:10+00:00,1.623309053069719,2.066420664206642,1.0943396226415094
2023-06-01 04:03:30+00:00,1.623309053069719,2.066420664206642,1.0943396226415094
2023-06-02 04:09:41+00:00,1.623309053069719,2.066420664206642,1.0943396226415094
2023-06-03 00:00:00+00:00,1.6337148803329864,2.066420664206642,1.0943396226415094
2023-06-04 04:07:54+00:00,1.6337148803329864,2.066420664206642,1.0943396226415094
2023-06-05 04:03:25+00:00,1.6337148803329864,2.066420664206642,1.0943396226415094
2023-06-06 04:05:24+00:00,1.6337148803329864,2.066420664206642,1.0943396226415094
2023-06-07 04:08:09+00:00,1.6337148803329864,2.066420664206642,1.0943396226415094
2023-06-08 04:03:28+00:00,1.6441207075962538,2.078720787207872,1.0943396226415094
2023-06-09 00:00:00+00:00,1.6441207075962538,2.078720787207872,1.0943396226415094
2023-06-10 04:03:24+00:00,1.6441207075962538,2.078720787207872,1.0943396226415094
2023-06-11 04:08:16+00:00,1.6545265348595213,2.078720787207872,1.0943396226415094
2023-06-12 04:03:32+00:00,1.6545265348595213,2.078720787207872,1.0943396226415094
2023-06-13 04:07:10+00:00,1.6545265348595213,2.078720787207872,1.0943396226415094
2023-06-14 04:09:33+00:00,1.6649323621227887,2.078720787207872,1.0943396226415094
2023-06-15 04:03:40+00:00,1.6649323621227887,2.078720787207872,1.0943396226415094
2023-06-16 04:09:37+00:00,1.6649323621227887,2.091020910209102,1.0943396226415094
2023-06-17 04:03:59+00:00,1.6649323621227887,2.091020910209102,1.0943396226415094
2023-06-18 04:12:17+00:00,1.6753381893860562,2.1156211562115623,1.0943396226415094
2023-06-19 04:03:58+00:00,1.6753381893860562,2.127921279212792,1.0943396226415094
2023-06-20 04:06:04+00:00,1.6753381893860562,2.140221402214022,1.0943396226415094
2023-06-21 04:09:56+00:00,1.6753381893860562,2.140221402214022,1.0943396226415094
2023-06-22 04:03:32+00:00,1.6857440166493236,2.1525215252152523,1.0943396226415094
2023-06-23 04:11:21+00:00,1.6857440166493236,2.164821648216482,1.0943396226415094
2023-06-24 06:03:27+00:00,1.6857440166493236,2.177121771217712,1.0943396226415094
2023-06-25 00:00:00+00:00,1.6857440166493236,2.177121771217712,1.0943396226415094
2023-06-26 06:03:30+00:00,1.696149843912591,2.1894218942189423,1.0943396226415094
2023-06-27 00:00:00+00:00,1.696149843912591,2.1894218942189423,1.0943396226415094
2023-06-28 00:00:00+00:00,1.696149843912591,2.1894218942189423,1.0943396226415094
2023-06-29 06:01:39+00:00,1.696149843912591,2.201722017220172,1.0943396226415094
2023-06-30 06:01:21+00:00,1.696149843912591,2.2140221402214024,1.0943396226415094
2023-07-01 06:01:19+00:00,1.7065556711758585,2.2140221402214024,1.0943396226415094
2023-07-02 06:01:21+00:00,1.7065556711758585,2.2140221402214024,1.0943396226415094
2023-07-03 06:01:21+00:00,1.7065556711758585,2.2263222632226323,1.0943396226415094
2023-07-04 06:01:31+00:00,1.7065556711758585,2.2263222632226323,1.1037735849056605
2023-07-05 06:01:25+00:00,1.7065556711758585,2.2263222632226323,1.1037735849056605
2023-07-06 06:01:38+00:00,1.716961498439126,2.238622386223862,1.1037735849056605
2023-07-07 06:04:38+00:00,1.716961498439126,2.238622386223862,1.1037735849056605
2023-07-08 06:03:52+00:00,1.716961498439126,2.238622386223862,1.1037735849056605
2023-07-09 06:21:33+00:00,1.716961498439126,2.238622386223862,1.1037735849056605
2023-07-10 00:00:00+00:00,1.7273673257023934,2.238622386223862,1.1037735849056605
2023-07-11 06:01:25+00:00,1.7273673257023934,2.2509225092250924,1.1037735849056605
2023-07-12 06:01:24+00:00,1.7273673257023934,2.2509225092250924,1.1037735849056605
2023-07-13 06:01:20+00:00,1.7273673257023934,2.2509225092250924,1.1037735849056605
2023-07-14 06:01:23+00:00,1.7377731529656608,2.2509225092250924,1.1037735849056605
2023-07-15 02:01:35+00:00,1.7377731529656608,2.2632226322263223,1.1037735849056605
2023-07-16 06:01:27+00:00,1.7377731529656608,2.2632226322263223,1.1037735849056605
2023-07-17 06:01:23+00:00,1.7481789802289283,2.2632226322263223,1.1037735849056605
2023-07-18 06:01:28+00:00,1.7481789802289283,2.2632226322263223,1.1037735849056605
2023-07-19 06:01:27+00:00,1.7481789802289283,2.2632226322263223,1.1037735849056605
2023-07-20 06:01:22+00:00,1.7585848074921957,2.275522755227552,1.1037735849056605
2023-07-21 06:01:24+00:00,1.7585848074921957,2.275522755227552,1.1037735849056605
2023-07-22 06:01:26+00:00,1.7585848074921957,2.275522755227552,1.1037735849056605
2023-07-23 06:01:28+00:00,1.7585848074921957,2.2878228782287824,1.1037735849056605
2023-07-24 06:01:28+00:00,1.7689906347554631,2.2878228782287824,1.1037735849056605
2023-07-25 06:01:26+00:00,1.7689906347554631,2.2878228782287824,1.1037735849056605
2023-07-26 06:01:25+00:00,1.7689906347554631,2.3001230012300122,1.1037735849056605
2023-07-27 06:01:25+00:00,1.7793964620187306,2.3001230012300122,1.1037735849056605
2023-07-28 06:01:28+00:00,1.7793964620187306,2.3001230012300122,1.1037735849056605
2023-07-29 06:01:28+00:00,1.7793964620187306,2.3124231242312425,1.1037735849056605
2023-07-30 06:01:21+00:00,1.7793964620187306,2.3124231242312425,1.1037735849056605
2023-07-31 06:01:21+00:00,1.789802289281998,2.3124231242312425,1.1037735849056605
2023-08-01 06:01:29+00:00,1.789802289281998,2.3247232472324724,1.1037735849056605
2023-08-02 06:01:24+00:00,1.789802289281998,2.3247232472324724,1.1037735849056605
2023-08-03 06:01:26+00:00,1.789802289281998,2.337023370233702,1.1037735849056605
2023-08-04 06:01:28+00:00,1.8002081165452652,2.3493234932349325,1.1037735849056605
2023-08-05 06:01:29+00:00,1.8002081165452652,2.3493234932349325,1.1037735849056605
2023-08-06 06:01:23+00:00,1.8002081165452652,2.3616236162361623,1.1037735849056605
2023-08-07 06:01:23+00:00,1.8106139438085327,2.3616236162361623,1.1037735849056605
2023-08-08 06:01:23+00:00,1.8106139438085327,2.373923739237392,1.1037735849056605
2023-08-09 06:01:25+00:00,1.8106139438085327,2.373923739237392,1.1037735849056605
2023-08-10 06:01:24+00:00,1.8106139438085327,2.373923739237392,1.1037735849056605
2023-08-11 06:01:31+00:00,1.8106139438085327,2.373923739237392,1.1037735849056605
2023-08-12 06:01:30+00:00,1.8210197710718001,2.3862238622386225,1.1037735849056605
2023-08-13 06:01:26+00:00,1.8210197710718001,2.3862238622386225,1.1037735849056605
2023-08-14 06:01:22+00:00,1.8210197710718001,2.3862238622386225,1.1037735849056605
2023-08-15 06:01:28+00:00,1.8314255983350676,2.3862238622386225,1.1037735849056605
2023-08-16 06:01:29+00:00,1.8314255983350676,2.3862238622386225,1.1037735849056605
2023-08-17 06:01:30+00:00,1.8314255983350676,2.3985239852398523,1.1037735849056605
2023-08-18 06:01:35+00:00,1.8314255983350676,2.4108241082410826,1.1037735849056605
2023-08-19 06:01:29+00:00,1.841831425598335,2.4108241082410826,1.1037735849056605
2023-08-20 06:01:26+00:00,1.841831425598335,2.4231242312423125,1.1037735849056605
2023-08-21 06:01:30+00:00,1.841831425598335,2.4231242312423125,1.1037735849056605
2023-08-22 06:01:27+00:00,1.8522372528616025,2.4231242312423125,1.1037735849056605
2023-08-23 06:01:29+00:00,1.8522372528616025,2.4354243542435423,1.1037735849056605
2023-08-24 06:01:32+00:00,1.8522372528616025,2.4354243542435423,1.1132075471698113
2023-08-25 06:01:33+00:00,1.8522372528616025,2.4354243542435423,1.1132075471698113
2023-08-26 06:01:28+00:00,1.86264308012487,2.4600246002460024,1.1132075471698113
2023-08-27 06:01:29+00:00,1.86264308012487,2.4600246002460024,1.1132075471698113
2023-08-28 06:01:27+00:00,1.86264308012487,2.4600246002460024,1.1132075471698113
2023-08-29 06:01:34+00:00,1.86264308012487,2.4723247232472323,1.1132075471698113
2023-08-30 02:35:43+00:00,1.86264308012487,2.4723247232472323,1.1132075471698113
2023-08-31 01:01:14+00:00,1.8730489073881373,2.4723247232472323,1.1132075471698113
2023-09-01 06:01:17+00:00,1.8730489073881373,2.4723247232472323,1.1132075471698113
2023-09-02 06:01:13+00:00,1.8730489073881373,2.4723247232472323,1.1132075471698113
2023-09-03 06:01:17+00:00,1.8730489073881373,2.4723247232472323,1.1132075471698113
2023-09-04 06:01:26+00:00,1.8834547346514048,2.4846248462484626,1.1132075471698113
2023-09-05 06:01:14+00:00,1.8834547346514048,2.4846248462484626,1.1226415094339623
2023-09-06 06:01:22+00:00,1.8834547346514048,2.4846248462484626,1.1226415094339623
2023-09-07 06:01:16+00:00,1.8834547346514048,2.4846248462484626,1.1226415094339623
2023-09-08 06:01:17+00:00,1.8834547346514048,2.4846248462484626,1.1226415094339623
2023-09-09 06:01:14+00:00,1.8834547346514048,2.4846248462484626,1.1226415094339623
2023-09-10 06:01:19+00:00,1.8938605619146722,2.4846248462484626,1.1226415094339623
2023-09-11 06:01:15+00:00,1.8938605619146722,2.4846248462484626,1.1226415094339623
2023-09-12 06:01:22+00:00,1.8938605619146722,2.4969249692496924,1.1226415094339623
2023-09-13 06:01:17+00:00,1.8938605619146722,2.4969249692496924,1.1226415094339623
2023-09-14 06:01:24+00:00,1.9042663891779397,2.4969249692496924,1.1226415094339623
2023-09-15 06:01:19+00:00,1.9042663891779397,2.4969249692496924,1.1320754716981132
2023-09-16 06:01:17+00:00,1.9042663891779397,2.4969249692496924,1.1320754716981132
2023-09-17 06:01:19+00:00,1.9042663891779397,2.4969249692496924,1.1320754716981132
2023-09-18 06:01:28+00:00,1.914672216441207,2.4969249692496924,1.1320754716981132
2023-09-19 06:01:19+00:00,1.914672216441207,2.4969249692496924,1.1320754716981132
2023-09-20 06:01:20+00:00,1.914672216441207,2.5092250922509227,1.1320754716981132
2023-09-21 06:01:16+00:00,1.914672216441207,2.5092250922509227,1.1320754716981132
2023-09-22 06:01:11+00:00,1.9250780437044746,2.5092250922509227,1.1320754716981132
2023-09-23 06:01:10+00:00,1.9250780437044746,2.5092250922509227,1.1320754716981132
2023-09-24 06:01:13+00:00,1.9250780437044746,2.5092250922509227,1.1415094339622642
2023-09-25 06:01:10+00:00,1.9250780437044746,2.5092250922509227,1.1415094339622642
2023-09-26 06:01:13+00:00,1.9250780437044746,2.5092250922509227,1.1415094339622642
2023-09-27 06:01:12+00:00,1.935483870967742,2.5092250922509227,1.1415094339622642
2023-09-28 06:01:10+00:00,1.935483870967742,2.5092250922509227,1.1415094339622642
2023-09-29 06:01:20+00:00,1.9458896982310094,2.5215252152521526,1.1415094339622642
2023-09-30 06:01:12+00:00,1.9458896982310094,2.5215252152521526,1.1415094339622642
2023-10-01 06:01:15+00:00,1.9458896982310094,2.5215252152521526,1.1415094339622642
2023-10-02 06:01:12+00:00,1.9562955254942769,2.5215252152521526,1.1415094339622642
2023-10-03 06:01:12+00:00,1.9562955254942769,2.5215252152521526,1.1415094339622642
2023-10-04 06:01:16+00:00,1.9562955254942769,2.5215252152521526,1.1415094339622642
2023-10-05 06:01:12+00:00,1.9667013527575443,2.5215252152521526,1.1415094339622642
2023-10-06 06:01:23+00:00,1.987513007284079,2.5338253382533824,1.1415094339622642
2023-10-07 06:01:16+00:00,1.9979188345473464,2.5338253382533824,1.1415094339622642
2023-10-08 06:01:17+00:00,2.008324661810614,2.5338253382533824,1.150943396226415
2023-10-09 06:01:17+00:00,2.0187304890738815,2.5338253382533824,1.150943396226415
2023-10-10 06:01:16+00:00,2.0187304890738815,2.5338253382533824,1.150943396226415
2023-10-11 06:01:23+00:00,2.0291363163371487,2.5461254612546127,1.150943396226415
2023-10-12 06:01:15+00:00,2.0395421436004164,2.5461254612546127,1.150943396226415
2023-10-13 06:01:21+00:00,2.0499479708636836,2.5584255842558425,1.150943396226415
2023-10-14 06:01:15+00:00,2.0603537981269513,2.5584255842558425,1.150943396226415
2023-10-15 06:01:12+00:00,2.0811654526534857,2.5707257072570724,1.150943396226415
2023-10-16 06:01:19+00:00,2.0915712799167534,2.5707257072570724,1.150943396226415
2023-10-17 05:01:24+00:00,2.0915712799167534,2.5707257072570724,1.150943396226415
2023-10-18 06:01:27+00:00,2.0915712799167534,2.5830258302583027,1.150943396226415
2023-10-19 06:01:17+00:00,2.1019771071800206,2.5830258302583027,1.150943396226415
2023-10-20 06:01:16+00:00,2.1019771071800206,2.5830258302583027,1.150943396226415
2023-10-21 06:01:28+00:00,2.1019771071800206,2.5830258302583027,1.150943396226415
2023-10-22 06:01:24+00:00,2.1123829344432883,2.5953259532595325,1.150943396226415
2023-10-23 06:01:21+00:00,2.1123829344432883,2.5953259532595325,1.150943396226415
2023-10-24 06:01:17+00:00,2.1227887617065555,2.5953259532595325,1.150943396226415
2023-10-25 06:01:19+00:00,2.1227887617065555,2.5953259532595325,1.150943396226415
2023-10-26 06:01:15+00:00,2.1227887617065555,2.5953259532595325,1.150943396226415
2023-10-27 06:01:19+00:00,2.1227887617065555,2.607626076260763,1.150943396226415
2023-10-28 06:01:20+00:00,2.133194588969823,2.607626076260763,1.150943396226415
2023-10-29 06:01:21+00:00,2.133194588969823,2.6199261992619927,1.150943396226415
2023-10-30 06:01:21+00:00,2.133194588969823,2.6199261992619927,1.1603773584905661
2023-10-31 06:01:16+00:00,2.133194588969823,2.6199261992619927,1.1603773584905661
2023-11-01 06:01:19+00:00,2.1436004162330904,2.6322263222632225,1.1603773584905661
2023-11-02 06:01:15+00:00,2.1436004162330904,2.6322263222632225,1.1603773584905661
2023-11-03 06:01:35+00:00,2.1436004162330904,2.6322263222632225,1.1603773584905661
2023-11-04 06:01:16+00:00,2.1436004162330904,2.6322263222632225,1.1603773584905661
2023-11-05 06:01:14+00:00,2.154006243496358,2.6322263222632225,1.1603773584905661
2023-11-06 07:01:18+00:00,2.154006243496358,2.6322263222632225,1.1603773584905661
2023-11-07 07:01:18+00:00,2.154006243496358,2.644526445264453,1.1603773584905661
2023-11-08 07:01:19+00:00,2.1644120707596253,2.644526445264453,1.1603773584905661
2023-11-09 07:01:15+00:00,2.1644120707596253,2.644526445264453,1.1603773584905661
2023-11-10 07:01:15+00:00,2.174817898022893,2.644526445264453,1.1603773584905661
2023-11-11 07:01:14+00:00,2.174817898022893,2.644526445264453,1.1603773584905661
2023-11-12 07:01:20+00:00,2.174817898022893,2.644526445264453,1.1603773584905661
2023-11-13 07:01:19+00:00,2.18522372528616,2.6568265682656826,1.1603773584905661
2023-11-14 07:01:25+00:00,2.18522372528616,2.6568265682656826,1.1603773584905661
2023-11-15 07:01:22+00:00,2.18522372528616,2.6568265682656826,1.1603773584905661
2023-11-16 07:01:20+00:00,2.195629552549428,2.6568265682656826,1.1603773584905661
2023-11-17 07:01:19+00:00,2.195629552549428,2.6568265682656826,1.1603773584905661
2023-11-18 07:01:33+00:00,2.195629552549428,2.6568265682656826,1.1603773584905661
2023-11-19 07:01:18+00:00,2.206035379812695,2.6691266912669125,1.1603773584905661
2023-11-20 07:01:20+00:00,2.206035379812695,2.6691266912669125,1.1603773584905661
2023-11-21 07:01:29+00:00,2.2164412070759627,2.6691266912669125,1.1603773584905661
2023-11-22 07:01:29+00:00,2.2164412070759627,2.6691266912669125,1.1603773584905661
2023-11-23 07:01:26+00:00,2.2164412070759627,2.6691266912669125,1.1603773584905661
2023-11-24 07:01:14+00:00,2.2164412070759627,2.6814268142681428,1.1603773584905661
2023-11-25 07:01:30+00:00,2.22684703433923,2.6814268142681428,1.169811320754717
2023-11-26 07:01:20+00:00,2.22684703433923,2.6814268142681428,1.169811320754717
2023-11-27 07:01:18+00:00,2.22684703433923,2.6814268142681428,1.169811320754717
2023-11-28 07:01:19+00:00,2.2372528616024976,2.6814268142681428,1.169811320754717
2023-11-29 07:01:15+00:00,2.2372528616024976,2.6814268142681428,1.169811320754717
2023-11-30 07:01:31+00:00,2.2372528616024976,2.6814268142681428,1.169811320754717
2023-12-01 07:01:27+00:00,2.2372528616024976,2.6937269372693726,1.169811320754717
2023-12-02 07:01:18+00:00,2.2372528616024976,2.6937269372693726,1.169811320754717
2023-12-03 07:01:24+00:00,2.247658688865765,2.6937269372693726,1.169811320754717
2023-12-04 07:01:17+00:00,2.247658688865765,2.6937269372693726,1.169811320754717
2023-12-05 07:01:19+00:00,2.247658688865765,2.6937269372693726,1.169811320754717
2023-12-06 07:03:28+00:00,2.247658688865765,2.6937269372693726,1.169811320754717
2023-12-07 07:04:01+00:00,2.247658688865765,2.706027060270603,1.169811320754717
2023-12-08 07:03:54+00:00,2.2580645161290325,2.706027060270603,1.169811320754717
2023-12-09 07:03:52+00:00,2.2580645161290325,2.706027060270603,1.169811320754717
2023-12-10 06:05:25+00:00,2.2580645161290325,2.706027060270603,1.169811320754717
2023-12-11 07:04:04+00:00,2.2580645161290325,2.706027060270603,1.169811320754717
2023-12-12 07:03:57+00:00,2.2684703433922997,2.706027060270603,1.169811320754717
2023-12-13 07:03:50+00:00,2.2684703433922997,2.706027060270603,1.169811320754717
2023-12-14 07:03:59+00:00,2.2684703433922997,2.706027060270603,1.169811320754717
2023-12-15 07:03:51+00:00,2.2684703433922997,2.7183271832718328,1.169811320754717
2023-12-16 07:03:35+00:00,2.2684703433922997,2.7183271832718328,1.169811320754717
2023-12-17 07:03:45+00:00,2.278876170655567,2.7183271832718328,1.169811320754717
2023-12-18 07:03:36+00:00,2.278876170655567,2.7183271832718328,1.169811320754717
2023-12-19 07:03:41+00:00,2.278876170655567,2.7183271832718328,1.169811320754717
2023-12-20 07:03:38+00:00,2.278876170655567,2.7183271832718328,1.169811320754717
2023-12-21 07:03:34+00:00,2.2892819979188346,2.7183271832718328,1.169811320754717
2023-12-22 07:03:27+00:00,2.2892819979188346,2.7183271832718328,1.169811320754717
2023-12-23 07:03:36+00:00,2.2892819979188346,2.7183271832718328,1.169811320754717
2023-12-24 07:03:39+00:00,2.299687825182102,2.7183271832718328,1.169811320754717
2023-12-25 07:03:26+00:00,2.299687825182102,2.7306273062730626,1.179245283018868
2023-12-26 07:03:34+00:00,2.3100936524453695,2.7306273062730626,1.179245283018868
2023-12-27 07:03:34+00:00,2.3100936524453695,2.7306273062730626,1.179245283018868
2023-12-28 07:03:28+00:00,2.3100936524453695,2.7306273062730626,1.179245283018868
2023-12-29 07:03:24+00:00,2.3204994797086367,2.7306273062730626,1.179245283018868
2023-12-30 07:03:32+00:00,2.3204994797086367,2.7306273062730626,1.179245283018868
2023-12-31 06:03:31+00:00,2.3309053069719043,2.7306273062730626,1.179245283018868
2024-01-01 07:03:29+00:00,2.3309053069719043,2.742927429274293,1.179245283018868
2024-01-02 07:03:30+00:00,2.3413111342351716,2.742927429274293,1.179245283018868
2024-01-03 07:03:24+00:00,2.3413111342351716,2.742927429274293,1.179245283018868
2024-01-04 07:03:30+00:00,2.3517169614984392,2.742927429274293,1.179245283018868
2024-01-05 07:03:39+00:00,2.3621227887617064,2.742927429274293,1.179245283018868
2024-01-06 06:04:02+00:00,2.3621227887617064,2.742927429274293,1.179245283018868
2024-01-07 07:03:38+00:00,2.372528616024974,2.742927429274293,1.179245283018868
2024-01-08 07:03:27+00:00,2.372528616024974,2.7552275522755227,1.179245283018868
2024-01-09 07:03:39+00:00,2.372528616024974,2.7552275522755227,1.179245283018868
2024-01-10 07:03:58+00:00,2.3829344432882413,2.7552275522755227,1.179245283018868
2024-01-11 07:03:43+00:00,2.3829344432882413,2.7552275522755227,1.179245283018868
2024-01-12 07:03:35+00:00,2.393340270551509,2.7552275522755227,1.179245283018868
2024-01-13 07:03:27+00:00,2.393340270551509,2.7552275522755227,1.179245283018868
2024-01-14 06:04:04+00:00,2.393340270551509,2.7675276752767526,1.179245283018868
2024-01-15 07:03:32+00:00,2.403746097814776,2.7675276752767526,1.179245283018868
2024-01-16 07:03:43+00:00,2.403746097814776,2.7675276752767526,1.179245283018868
2024-01-17 07:03:25+00:00,2.403746097814776,2.7675276752767526,1.179245283018868
2024-01-18 07:03:29+00:00,2.414151925078044,2.7675276752767526,1.179245283018868
2024-01-19 07:03:31+00:00,2.414151925078044,2.779827798277983,1.179245283018868
2024-01-20 07:03:34+00:00,2.424557752341311,2.779827798277983,1.179245283018868
2024-01-21 07:03:34+00:00,2.424557752341311,2.779827798277983,1.179245283018868
2024-01-22 07:03:35+00:00,2.424557752341311,2.779827798277983,1.179245283018868
2024-01-23 06:03:49+00:00,2.4349635796045788,2.779827798277983,1.179245283018868
2024-01-24 07:03:36+00:00,2.4349635796045788,2.779827798277983,1.1886792452830188
2024-01-25 07:03:55+00:00,2.4349635796045788,2.779827798277983,1.1886792452830188
2024-01-26 07:03:31+00:00,2.4349635796045788,2.7921279212792127,1.1886792452830188
2024-01-27 07:03:33+00:00,2.445369406867846,2.7921279212792127,1.1886792452830188
2024-01-28 07:03:40+00:00,2.445369406867846,2.7921279212792127,1.1886792452830188
2024-01-29 07:03:55+00:00,2.445369406867846,2.7921279212792127,1.1886792452830188
2024-01-30 07:03:46+00:00,2.455775234131113,2.7921279212792127,1.1886792452830188
2024-01-31 07:03:53+00:00,2.455775234131113,2.7921279212792127,1.1886792452830188
2024-02-01 07:03:45+00:00,2.455775234131113,2.804428044280443,1.1886792452830188
2024-02-02 07:04:11+00:00,2.455775234131113,2.804428044280443,1.1886792452830188
2024-02-03 06:04:30+00:00,2.455775234131113,2.804428044280443,1.1886792452830188
2024-02-04 07:03:49+00:00,2.466181061394381,2.804428044280443,1.1886792452830188
2024-02-05 07:03:35+00:00,2.466181061394381,2.804428044280443,1.1886792452830188
2024-02-06 07:03:33+00:00,2.466181061394381,2.816728167281673,1.1886792452830188
2024-02-07 06:03:47+00:00,2.466181061394381,2.816728167281673,1.1886792452830188
2024-02-08 07:03:32+00:00,2.466181061394381,2.816728167281673,1.1886792452830188
2024-02-09 07:03:24+00:00,2.466181061394381,2.816728167281673,1.1886792452830188
2024-02-10 07:03:23+00:00,2.476586888657648,2.816728167281673,1.1886792452830188
2024-02-11 07:03:22+00:00,2.476586888657648,2.816728167281673,1.1886792452830188
2024-02-12 07:03:28+00:00,2.476586888657648,2.816728167281673,1.1886792452830188
2024-02-13 07:03:35+00:00,2.476586888657648,2.8290282902829027,1.1886792452830188
2024-02-14 07:03:45+00:00,2.4869927159209158,2.8290282902829027,1.1886792452830188
2024-02-15 07:03:30+00:00,2.4869927159209158,2.8290282902829027,1.1886792452830188
2024-02-16 07:03:30+00:00,2.4869927159209158,2.8290282902829027,1.1886792452830188
2024-02-17 05:03:25+00:00,2.4869927159209158,2.8290282902829027,1.1886792452830188
2024-02-18 07:03:29+00:00,2.4869927159209158,2.8290282902829027,1.1886792452830188
2024-02-19 07:03:29+00:00,2.497398543184183,2.8290282902829027,1.1886792452830188
2024-02-20 07:03:30+00:00,2.497398543184183,2.8290282902829027,1.1886792452830188
2024-02-21 07:03:19+00:00,2.497398543184183,2.8290282902829027,1.1886792452830188
2024-02-22 07:03:35+00:00,2.497398543184183,2.841328413284133,1.1886792452830188
2024-02-23 07:03:37+00:00,2.497398543184183,2.841328413284133,1.1886792452830188
2024-02-24 07:03:47+00:00,2.497398543184183,2.841328413284133,1.1886792452830188
2024-02-25 07:03:26+00:00,2.5078043704474506,2.841328413284133,1.1886792452830188
2024-02-26 07:03:38+00:00,2.5078043704474506,2.841328413284133,1.1886792452830188
2024-02-27 07:03:34+00:00,2.5078043704474506,2.841328413284133,1.1886792452830188
2024-02-28 07:03:39+00:00,2.5078043704474506,2.841328413284133,1.1886792452830188
2024-02-29 07:03:55+00:00,2.5078043704474506,2.841328413284133,1.1886792452830188
2024-03-01 07:03:46+00:00,2.5078043704474506,2.841328413284133,1.1886792452830188
2024-03-02 07:03:23+00:00,2.518210197710718,2.841328413284133,1.1886792452830188
2024-03-03 07:03:13+00:00,2.518210197710718,2.841328413284133,1.1886792452830188
2024-03-04 06:04:08+00:00,2.518210197710718,2.841328413284133,1.1886792452830188
2024-03-05 07:03:11+00:00,2.518210197710718,2.841328413284133,1.1886792452830188
2024-03-06 07:03:12+00:00,2.5286160249739855,2.853628536285363,1.1981132075471699
2024-03-07 07:03:24+00:00,2.5286160249739855,2.853628536285363,1.1981132075471699
2024-03-08 07:03:35+00:00,2.5286160249739855,2.853628536285363,1.1981132075471699
2024-03-09 07:03:23+00:00,2.5286160249739855,2.853628536285363,1.1981132075471699
2024-03-10 07:03:14+00:00,2.5390218522372527,2.853628536285363,1.1981132075471699
2024-03-11 06:03:53+00:00,2.5390218522372527,2.853628536285363,1.1981132075471699
2024-03-12 06:03:53+00:00,2.5390218522372527,2.853628536285363,1.1981132075471699
2024-03-13 06:03:52+00:00,2.5390218522372527,2.853628536285363,1.1981132075471699
2024-03-14 06:03:56+00:00,2.5390218522372527,2.853628536285363,1.1981132075471699
2024-03-15 06:03:51+00:00,2.5390218522372527,2.853628536285363,1.1981132075471699
2024-03-16 06:04:07+00:00,2.5494276795005204,2.853628536285363,1.1981132075471699
2024-03-17 06:04:01+00:00,2.5494276795005204,2.8659286592865927,1.1981132075471699
2024-03-18 06:03:38+00:00,2.5494276795005204,2.8659286592865927,1.1981132075471699
2024-03-19 06:04:47+00:00,2.5494276795005204,2.8659286592865927,1.1981132075471699
2024-03-20 06:03:35+00:00,2.5494276795005204,2.8659286592865927,1.1981132075471699
2024-03-21 06:03:57+00:00,2.5598335067637876,2.8659286592865927,1.1981132075471699
2024-03-22 06:03:40+00:00,2.5598335067637876,2.8659286592865927,1.1981132075471699
2024-03-23 06:03:48+00:00,2.5598335067637876,2.8659286592865927,1.1981132075471699
2024-03-24 06:03:48+00:00,2.5598335067637876,2.878228782287823,1.1981132075471699
2024-03-25 06:04:18+00:00,2.5598335067637876,2.878228782287823,1.1981132075471699
2024-03-26 06:03:49+00:00,2.5598335067637876,2.878228782287823,1.1981132075471699
2024-03-27 05:03:17+00:00,2.5702393340270553,2.878228782287823,1.1981132075471699
2024-03-28 06:03:43+00:00,2.5702393340270553,2.878228782287823,1.1981132075471699
2024-03-29 06:04:07+00:00,2.5702393340270553,2.878228782287823,1.1981132075471699
2024-03-30 06:03:32+00:00,2.5702393340270553,2.890528905289053,1.1981132075471699
2024-03-31 06:04:12+00:00,2.5702393340270553,2.890528905289053,1.1981132075471699
2024-04-01 01:03:47+00:00,2.5806451612903225,2.890528905289053,1.1981132075471699
2024-04-02 06:03:43+00:00,2.5806451612903225,2.890528905289053,1.1981132075471699
2024-04-03 06:03:42+00:00,2.5806451612903225,2.890528905289053,1.1981132075471699
2024-04-04 06:03:34+00:00,2.5806451612903225,2.890528905289053,1.1981132075471699
2024-04-04 16:04:36+00:00,2.5806451612903225,2.890528905289053,1.1981132075471699
2024-04-06 06:03:30+00:00,2.59105098855359,2.902829028290283,1.1981132075471699
2024-04-07 06:03:50+00:00,2.59105098855359,2.902829028290283,1.1981132075471699
2024-04-08 06:04:07+00:00,2.6014568158168574,2.902829028290283,1.1981132075471699
2024-04-09 06:03:49+00:00,2.6014568158168574,2.915129151291513,1.1981132075471699
2024-04-10 06:03:36+00:00,2.6014568158168574,2.915129151291513,1.1981132075471699
2024-04-11 06:03:54+00:00,2.6014568158168574,2.927429274292743,1.1981132075471699
2024-04-12 06:03:35+00:00,2.611862643080125,2.939729397293973,1.1981132075471699
2024-04-13 06:04:25+00:00,2.611862643080125,2.952029520295203,1.2075471698113207
2024-04-14 06:03:40+00:00,2.611862643080125,2.952029520295203,1.2075471698113207
2024-04-15 06:05:14+00:00,2.611862643080125,2.952029520295203,1.2075471698113207
2024-04-16 06:03:50+00:00,2.611862643080125,2.964329643296433,1.2075471698113207
2024-04-17 06:04:14+00:00,2.6222684703433923,2.964329643296433,1.2075471698113207
2024-04-18 06:03:35+00:00,2.6222684703433923,2.964329643296433,1.2075471698113207
2024-04-19 06:04:03+00:00,2.6222684703433923,2.964329643296433,1.2075471698113207
2024-04-20 06:03:38+00:00,2.6222684703433923,2.964329643296433,1.2075471698113207
2024-04-21 06:03:51+00:00,2.6222684703433923,2.976629766297663,1.2075471698113207
2024-04-22 06:03:40+00:00,2.63267429760666,2.976629766297663,1.2075471698113207
2024-04-23 06:03:55+00:00,2.63267429760666,2.976629766297663,1.2075471698113207
2024-04-24 06:03:41+00:00,2.63267429760666,2.976629766297663,1.2075471698113207
2024-04-25 06:03:42+00:00,2.63267429760666,2.976629766297663,1.2075471698113207
2024-04-26 06:04:01+00:00,2.643080124869927,2.976629766297663,1.2075471698113207
2024-04-27 06:04:01+00:00,2.643080124869927,2.976629766297663,1.2075471698113207
2024-04-28 06:04:14+00:00,2.643080124869927,2.976629766297663,1.2075471698113207
2024-04-29 06:03:31+00:00,2.643080124869927,2.976629766297663,1.2075471698113207
2024-04-30 06:03:57+00:00,2.6534859521331944,2.976629766297663,1.2075471698113207
2024-05-01 06:03:55+00:00,2.6534859521331944,2.976629766297663,1.2075471698113207
2024-05-02 06:03:34+00:00,2.6534859521331944,2.988929889298893,1.2075471698113207
2024-05-03 06:03:21+00:00,2.6534859521331944,2.988929889298893,1.2075471698113207
2024-05-04 06:03:33+00:00,2.6534859521331944,2.988929889298893,1.2075471698113207
2024-05-05 06:03:41+00:00,2.663891779396462,2.988929889298893,1.2075471698113207
2024-05-06 06:03:50+00:00,2.663891779396462,2.988929889298893,1.2075471698113207
2024-05-07 06:03:50+00:00,2.663891779396462,2.988929889298893,1.2075471698113207
2024-05-08 06:03:42+00:00,2.663891779396462,2.988929889298893,1.2075471698113207
2024-05-09 06:04:38+00:00,2.663891779396462,2.988929889298893,1.2075471698113207
2024-05-10 06:03:40+00:00,2.663891779396462,2.988929889298893,1.2075471698113207
2024-05-11 06:03:34+00:00,2.6742976066597293,3.001230012300123,1.2075471698113207
2024-05-12 06:03:43+00:00,2.6742976066597293,3.001230012300123,1.2075471698113207
2024-05-13 06:03:31+00:00,2.6742976066597293,3.001230012300123,1.2075471698113207
2024-05-14 06:03:22+00:00,2.6742976066597293,3.001230012300123,1.2075471698113207
2024-05-15 06:03:34+00:00,2.6742976066597293,3.013530135301353,1.2075471698113207
2024-05-16 06:03:27+00:00,2.684703433922997,3.025830258302583,1.2075471698113207
2024-05-17 06:03:28+00:00,2.684703433922997,3.025830258302583,1.2075471698113207
2024-05-18 06:03:43+00:00,2.684703433922997,3.025830258302583,1.2075471698113207
2024-05-19 06:03:32+00:00,2.684703433922997,3.025830258302583,1.2075471698113207
2024-05-20 06:03:35+00:00,2.695109261186264,3.025830258302583,1.2075471698113207
2024-05-21 06:03:28+00:00,2.695109261186264,3.025830258302583,1.2075471698113207
2024-05-22 06:03:28+00:00,2.695109261186264,3.038130381303813,1.2075471698113207
2024-05-23 06:03:40+00:00,2.705515088449532,3.038130381303813,1.2075471698113207
2024-05-24 06:03:34+00:00,2.705515088449532,3.050430504305043,1.2075471698113207
2024-05-25 06:03:42+00:00,2.705515088449532,3.050430504305043,1.2075471698113207
2024-05-26 06:03:34+00:00,2.715920915712799,3.050430504305043,1.2075471698113207
2024-05-27 06:03:48+00:00,2.715920915712799,3.062730627306273,1.2075471698113207
2024-05-28 06:03:38+00:00,2.715920915712799,3.062730627306273,1.2075471698113207
2024-05-29 06:03:29+00:00,2.7263267429760667,3.062730627306273,1.2075471698113207
2024-05-30 06:03:49+00:00,2.736732570239334,3.062730627306273,1.2075471698113207
2024-05-31 06:03:35+00:00,2.7471383975026016,3.075030750307503,1.2075471698113207
2024-06-01 06:03:35+00:00,2.757544224765869,3.075030750307503,1.2075471698113207
2024-06-02 06:03:24+00:00,2.7783558792924037,3.075030750307503,1.2169811320754718
2024-06-03 06:03:45+00:00,2.7991675338189386,3.075030750307503,1.2169811320754718
2024-06-04 06:03:22+00:00,2.8199791883454735,3.075030750307503,1.2169811320754718
2024-06-05 06:03:36+00:00,2.8303850156087407,3.087330873308733,1.2169811320754718
2024-06-06 06:03:37+00:00,2.8407908428720083,3.087330873308733,1.2169811320754718
2024-06-07 06:03:42+00:00,2.8511966701352756,3.087330873308733,1.2169811320754718
2024-06-08 06:03:47+00:00,2.8511966701352756,3.087330873308733,1.2169811320754718
2024-06-09 06:03:34+00:00,2.8720083246618104,3.087330873308733,1.2169811320754718
2024-06-10 06:03:30+00:00,2.882414151925078,3.087330873308733,1.2169811320754718
2024-06-11 06:03:48+00:00,2.8928199791883453,3.0996309963099633,1.2169811320754718
2024-06-12 06:03:33+00:00,2.903225806451613,3.0996309963099633,1.2169811320754718
2024-06-13 06:03:37+00:00,2.903225806451613,3.0996309963099633,1.2169811320754718
2024-06-14 06:03:41+00:00,2.91363163371488,3.0996309963099633,1.2169811320754718
2024-06-15 06:03:42+00:00,2.924037460978148,3.0996309963099633,1.2169811320754718
2024-06-16 06:03:24+00:00,2.934443288241415,3.111931119311193,1.2169811320754718
2024-06-17 06:03:32+00:00,2.9448491155046828,3.111931119311193,1.2169811320754718
2024-06-18 06:03:19+00:00,2.95525494276795,3.111931119311193,1.2169811320754718
2024-06-19 06:03:34+00:00,2.9656607700312176,3.111931119311193,1.2169811320754718
2024-06-20 06:03:31+00:00,2.9656607700312176,3.111931119311193,1.2169811320754718
2024-06-21 06:03:39+00:00,2.976066597294485,3.124231242312423,1.2169811320754718
2024-06-22 06:03:35+00:00,2.976066597294485,3.124231242312423,1.2169811320754718
2024-06-23 06:03:32+00:00,2.9864724245577525,3.124231242312423,1.2169811320754718
2024-06-24 06:03:24+00:00,2.9968782518210197,3.124231242312423,1.2169811320754718
2024-06-25 06:03:29+00:00,2.9968782518210197,3.1365313653136533,1.2169811320754718
2024-06-26 06:03:52+00:00,3.0072840790842874,3.1365313653136533,1.2169811320754718
2024-06-27 06:03:23+00:00,3.0176899063475546,3.1365313653136533,1.2169811320754718
2024-06-28 06:03:32+00:00,3.028095733610822,3.1365313653136533,1.2169811320754718
2024-06-29 06:03:29+00:00,3.0385015608740895,3.1365313653136533,1.2169811320754718
2024-06-30 06:03:30+00:00,3.0489073881373567,3.148831488314883,1.2169811320754718
2024-07-01 06:03:19+00:00,3.0593132154006244,3.161131611316113,1.2169811320754718
2024-07-02 06:03:28+00:00,3.0593132154006244,3.161131611316113,1.2169811320754718
2024-07-03 06:03:36+00:00,3.0697190426638916,3.1734317343173433,1.2169811320754718
2024-07-04 06:03:35+00:00,3.0801248699271593,3.1734317343173433,1.2169811320754718
2024-07-05 06:03:28+00:00,3.0801248699271593,3.1980319803198034,1.2169811320754718
2024-07-06 06:03:36+00:00,3.0905306971904265,3.2103321033210332,1.2169811320754718
2024-07-07 02:03:33+00:00,3.100936524453694,3.222632226322263,1.2169811320754718
2024-07-08 06:03:36+00:00,3.100936524453694,3.222632226322263,1.2169811320754718
2024-07-09 06:03:30+00:00,3.1113423517169614,3.2349323493234934,1.2169811320754718
2024-07-10 06:03:27+00:00,3.1113423517169614,3.2472324723247232,1.2169811320754718
2024-07-11 06:03:24+00:00,3.121748178980229,3.259532595325953,1.2169811320754718
2024-07-12 06:03:40+00:00,3.121748178980229,3.259532595325953,1.2169811320754718
2024-07-13 06:03:41+00:00,3.1321540062434963,3.2718327183271834,1.2169811320754718
2024-07-14 06:03:33+00:00,3.1321540062434963,3.284132841328413,1.2169811320754718
2024-07-15 06:03:42+00:00,3.142559833506764,3.2964329643296435,1.2169811320754718
2024-07-16 06:03:32+00:00,3.152965660770031,3.3087330873308733,1.2169811320754718
2024-07-17 06:03:27+00:00,3.152965660770031,3.3087330873308733,1.2169811320754718
2024-07-18 06:03:49+00:00,3.152965660770031,3.321033210332103,1.2169811320754718
2024-07-19 06:04:23+00:00,3.163371488033299,3.3333333333333335,1.2169811320754718
2024-07-20 06:03:24+00:00,3.163371488033299,3.3456334563345633,1.2169811320754718
2024-07-21 06:03:33+00:00,3.163371488033299,3.3456334563345633,1.2169811320754718
2024-07-22 06:03:28+00:00,3.173777315296566,3.3456334563345633,1.2169811320754718
2024-07-23 06:07:23+00:00,3.173777315296566,3.357933579335793,1.2169811320754718
2024-07-24 06:05:36+00:00,3.173777315296566,3.357933579335793,1.2169811320754718
2024-07-25 06:03:52+00:00,3.1841831425598337,3.3702337023370235,1.2169811320754718
2024-07-26 06:04:18+00:00,3.1841831425598337,3.3702337023370235,1.2169811320754718
2024-07-27 06:04:28+00:00,3.1841831425598337,3.3825338253382533,1.2264150943396226
2024-07-28 06:03:59+00:00,3.1841831425598337,3.3825338253382533,1.2264150943396226
2024-07-29 06:04:37+00:00,3.194588969823101,3.3825338253382533,1.2264150943396226
2024-07-30 06:05:16+00:00,3.194588969823101,3.3825338253382533,1.2264150943396226
2024-07-31 06:04:57+00:00,3.194588969823101,3.3948339483394836,1.2264150943396226
2024-08-01 06:04:30+00:00,3.194588969823101,3.3948339483394836,1.2264150943396226
2024-08-02 06:05:14+00:00,3.194588969823101,3.3948339483394836,1.2264150943396226
2024-08-03 05:04:53+00:00,3.2049947970863686,3.4071340713407134,1.2264150943396226
2024-08-04 06:04:34+00:00,3.2049947970863686,3.4071340713407134,1.2264150943396226
2024-08-05 06:05:42+00:00,3.2049947970863686,3.4071340713407134,1.2264150943396226
2024-08-06 06:04:17+00:00,3.2049947970863686,3.4071340713407134,1.2264150943396226
2024-08-07 06:04:39+00:00,3.2049947970863686,3.4071340713407134,1.2264150943396226
2024-08-08 06:04:17+00:00,3.215400624349636,3.4071340713407134,1.2264150943396226
2024-08-09 06:03:59+00:00,3.215400624349636,3.4194341943419433,1.2264150943396226
2024-08-10 06:04:36+00:00,3.215400624349636,3.4194341943419433,1.2264150943396226
2024-08-11 06:05:12+00:00,3.215400624349636,3.4194341943419433,1.2264150943396226
2024-08-12 06:05:17+00:00,3.215400624349636,3.4194341943419433,1.2264150943396226
2024-08-13 06:04:51+00:00,3.215400624349636,3.4194341943419433,1.2264150943396226
2024-08-14 06:05:03+00:00,3.215400624349636,3.4194341943419433,1.2264150943396226
2024-08-15 06:06:08+00:00,3.215400624349636,3.4194341943419433,1.2264150943396226
2024-08-16 06:04:48+00:00,3.225806451612903,3.4317343173431736,1.2264150943396226
2024-08-17 06:23:18+00:00,3.225806451612903,3.4440344403444034,1.2264150943396226
2024-08-18 06:06:41+00:00,3.225806451612903,3.4440344403444034,1.2264150943396226
2024-08-19 06:04:44+00:00,3.225806451612903,3.4563345633456333,1.2264150943396226
2024-08-20 06:05:59+00:00,3.225806451612903,3.4686346863468636,1.2264150943396226
2024-08-21 06:06:40+00:00,3.2362122788761707,3.4809348093480934,1.2264150943396226
2024-08-22 06:12:07+00:00,3.2362122788761707,3.4932349323493237,1.2264150943396226
2024-08-23 06:05:38+00:00,3.2362122788761707,3.4932349323493237,1.2264150943396226
2024-08-24 06:10:40+00:00,3.2362122788761707,3.5055350553505535,1.2264150943396226
2024-08-25 06:10:50+00:00,3.246618106139438,3.5055350553505535,1.2264150943396226
2024-08-26 06:05:50+00:00,3.246618106139438,3.5055350553505535,1.2264150943396226
2024-08-27 06:12:24+00:00,3.246618106139438,3.5055350553505535,1.2264150943396226
2024-08-28 06:06:42+00:00,3.246618106139438,3.5178351783517834,1.2264150943396226
2024-08-29 06:12:04+00:00,3.246618106139438,3.5178351783517834,1.2264150943396226
2024-08-30 06:08:25+00:00,3.246618106139438,3.5178351783517834,1.2264150943396226
2024-08-31 06:12:21+00:00,3.2570239334027056,3.5178351783517834,1.2264150943396226
2024-09-01 06:05:25+00:00,3.2570239334027056,3.5178351783517834,1.2264150943396226
2024-09-02 06:05:23+00:00,3.2570239334027056,3.5301353013530137,1.2264150943396226
2024-09-03 06:05:05+00:00,3.2570239334027056,3.5301353013530137,1.2264150943396226
2024-09-04 06:05:09+00:00,3.2570239334027056,3.5301353013530137,1.2264150943396226
2024-09-05 06:05:24+00:00,3.2570239334027056,3.5301353013530137,1.2264150943396226
2024-09-06 06:04:11+00:00,3.267429760665973,3.5301353013530137,1.2264150943396226
2024-09-07 06:08:23+00:00,3.267429760665973,3.5424354243542435,1.2264150943396226
2024-09-08 06:09:21+00:00,3.267429760665973,3.5670356703567037,1.2264150943396226
2024-09-09 06:06:34+00:00,3.267429760665973,3.6039360393603936,1.2264150943396226
2024-09-10 06:15:05+00:00,3.267429760665973,3.6285362853628538,1.2264150943396226
2024-09-11 06:04:53+00:00,3.267429760665973,3.6408364083640836,1.2264150943396226
2024-09-12 06:06:15+00:00,3.2778355879292405,3.6654366543665438,1.2264150943396226
2024-09-13 06:04:45+00:00,3.2778355879292405,3.6654366543665438,1.2264150943396226
2024-09-14 06:06:05+00:00,3.2778355879292405,3.690036900369004,1.2264150943396226
2024-09-15 06:23:04+00:00,3.2778355879292405,3.7146371463714636,1.2264150943396226
2024-09-16 06:06:54+00:00,3.2778355879292405,3.800738007380074,1.2264150943396226
2024-09-17 06:08:54+00:00,3.2778355879292405,3.825338253382534,1.2358490566037736
2024-09-18 06:06:37+00:00,3.2882414151925077,3.862238622386224,1.2358490566037736
2024-09-19 06:06:30+00:00,3.2882414151925077,3.899138991389914,1.2358490566037736
2024-09-20 06:05:01+00:00,3.2882414151925077,3.911439114391144,1.2358490566037736
2024-09-21 06:05:44+00:00,3.2882414151925077,3.923739237392374,1.2358490566037736
2024-09-22 06:08:10+00:00,3.2882414151925077,3.936039360393604,1.2358490566037736
2024-09-23 06:09:32+00:00,3.2882414151925077,3.9483394833948338,1.2358490566037736
2024-09-24 06:07:45+00:00,3.2986472424557753,3.9483394833948338,1.2358490566037736
2024-09-25 06:06:26+00:00,3.2986472424557753,3.9483394833948338,1.2358490566037736
2024-09-26 06:10:59+00:00,3.2986472424557753,3.960639606396064,1.2358490566037736
2024-09-27 06:06:50+00:00,3.2986472424557753,3.960639606396064,1.2358490566037736
2024-09-28 06:06:54+00:00,3.2986472424557753,3.960639606396064,1.2358490566037736
2024-09-29 06:12:23+00:00,3.3090530697190426,3.960639606396064,1.2358490566037736
2024-09-30 06:09:46+00:00,3.3090530697190426,3.960639606396064,1.2358490566037736
2024-10-01 06:07:58+00:00,3.3090530697190426,3.972939729397294,1.2358490566037736
2024-10-01 14:06:34+00:00,3.3090530697190426,3.972939729397294,1.2358490566037736
2024-10-03 06:08:40+00:00,3.3090530697190426,3.972939729397294,1.2358490566037736
2024-10-04 06:05:58+00:00,3.3090530697190426,3.972939729397294,1.2358490566037736
2024-10-05 04:03:11+00:00,3.3090530697190426,3.972939729397294,1.2358490566037736
2024-10-06 06:01:38+00:00,3.3194588969823102,3.985239852398524,1.2358490566037736
2024-10-07 03:01:20+00:00,3.3194588969823102,3.985239852398524,1.2358490566037736
2024-10-08 04:01:40+00:00,3.3194588969823102,3.985239852398524,1.2358490566037736
2024-10-09 06:01:46+00:00,3.3194588969823102,3.985239852398524,1.2358490566037736
2024-10-10 05:02:21+00:00,3.3194588969823102,3.985239852398524,1.2358490566037736
2024-10-11 06:01:59+00:00,3.3194588969823102,3.997539975399754,1.2358490566037736
2024-10-12 06:06:28+00:00,3.3194588969823102,3.997539975399754,1.2358490566037736
2024-10-13 05:01:46+00:00,3.3298647242455774,3.997539975399754,1.2358490566037736
2024-10-14 06:01:41+00:00,3.3298647242455774,3.997539975399754,1.2358490566037736
2024-10-15 06:01:39+00:00,3.3298647242455774,3.997539975399754,1.2358490566037736
2024-10-16 06:01:48+00:00,3.3298647242455774,3.997539975399754,1.2358490566037736
2024-10-17 06:01:58+00:00,3.3298647242455774,4.009840098400984,1.2358490566037736
2024-10-18 06:01:55+00:00,3.340270551508845,4.009840098400984,1.2358490566037736
2024-10-19 06:02:01+00:00,3.340270551508845,4.009840098400984,1.2358490566037736
2024-10-19 19:01:26+00:00,3.340270551508845,4.009840098400984,1.2358490566037736
2024-10-21 06:01:47+00:00,3.3506763787721123,4.009840098400984,1.2358490566037736
2024-10-22 06:01:38+00:00,3.3506763787721123,4.009840098400984,1.2358490566037736
2024-10-23 06:01:49+00:00,3.3506763787721123,4.009840098400984,1.2358490566037736
2024-10-24 06:02:04+00:00,3.36108220603538,4.009840098400984,1.2358490566037736
2024-10-25 06:01:52+00:00,3.36108220603538,4.022140221402214,1.2358490566037736
2024-10-26 06:01:41+00:00,3.36108220603538,4.0344403444034445,1.2358490566037736
2024-10-27 06:01:35+00:00,3.36108220603538,4.0344403444034445,1.2358490566037736
2024-10-28 06:01:55+00:00,3.371488033298647,4.0344403444034445,1.2358490566037736
2024-10-29 06:02:09+00:00,3.371488033298647,4.0344403444034445,1.2358490566037736
2024-10-30 06:01:58+00:00,3.371488033298647,4.0344403444034445,1.2358490566037736
2024-10-31 06:01:56+00:00,3.381893860561915,4.0344403444034445,1.2358490566037736
2024-11-01 06:02:30+00:00,3.381893860561915,4.046740467404674,1.2358490566037736
2024-11-01 12:01:48+00:00,3.381893860561915,4.046740467404674,1.2358490566037736
2024-11-03 06:02:25+00:00,3.392299687825182,4.046740467404674,1.2358490566037736
2024-11-04 07:03:15+00:00,3.4027055150884493,4.059040590405904,1.2358490566037736
2024-11-04 10:04:15+00:00,3.4027055150884493,4.059040590405904,1.2358490566037736
2024-11-06 07:02:02+00:00,3.4027055150884493,4.059040590405904,1.2358490566037736
2024-11-07 07:02:42+00:00,3.413111342351717,4.071340713407134,1.2358490566037736
2024-11-07 08:04:05+00:00,3.413111342351717,4.071340713407134,1.2452830188679245
2024-11-09 07:02:09+00:00,3.413111342351717,4.071340713407134,1.2452830188679245
2024-11-10 07:01:51+00:00,3.423517169614984,4.071340713407134,1.2452830188679245
2024-11-11 07:02:07+00:00,3.423517169614984,4.071340713407134,1.2452830188679245
2024-11-12 07:03:42+00:00,3.423517169614984,4.083640836408364,1.2452830188679245
2024-11-13 07:02:03+00:00,3.423517169614984,4.083640836408364,1.2452830188679245
2024-11-14 07:03:02+00:00,3.433922996878252,4.083640836408364,1.2452830188679245
2024-11-15 07:01:47+00:00,3.433922996878252,4.083640836408364,1.2452830188679245
2024-11-16 07:01:59+00:00,3.433922996878252,4.083640836408364,1.2452830188679245
2024-11-17 07:02:12+00:00,3.433922996878252,4.083640836408364,1.2452830188679245
2024-11-18 07:02:04+00:00,3.444328824141519,4.095940959409594,1.2452830188679245
2024-11-19 07:02:23+00:00,3.444328824141519,4.095940959409594,1.2452830188679245
2024-11-20 07:01:57+00:00,3.444328824141519,4.095940959409594,1.2452830188679245
2024-11-21 07:03:26+00:00,3.444328824141519,4.095940959409594,1.2452830188679245
2024-11-22 06:01:52+00:00,3.444328824141519,4.095940959409594,1.2452830188679245
2024-11-23 06:02:18+00:00,3.4547346514047867,4.108241082410824,1.2452830188679245
2024-11-24 07:02:15+00:00,3.4547346514047867,4.108241082410824,1.2452830188679245
2024-11-25 03:01:30+00:00,3.4547346514047867,4.108241082410824,1.2452830188679245
2024-11-26 07:01:32+00:00,3.4547346514047867,4.108241082410824,1.2452830188679245
2024-11-27 07:01:26+00:00,3.4547346514047867,4.108241082410824,1.2452830188679245
2024-11-28 07:01:32+00:00,3.4547346514047867,4.108241082410824,1.2452830188679245
2024-11-29 06:01:41+00:00,3.4547346514047867,4.120541205412054,1.2452830188679245
2024-11-30 07:01:32+00:00,3.465140478668054,4.120541205412054,1.2452830188679245
2024-12-01 07:01:25+00:00,3.465140478668054,4.120541205412054,1.2452830188679245
2024-12-02 07:01:28+00:00,3.4755463059313216,4.120541205412054,1.2452830188679245
2024-12-03 07:01:31+00:00,3.4755463059313216,4.120541205412054,1.2452830188679245
2024-12-04 07:01:31+00:00,3.4755463059313216,4.132841328413284,1.2452830188679245
2024-12-05 07:01:33+00:00,3.485952133194589,4.132841328413284,1.2452830188679245
2024-12-06 07:01:34+00:00,3.485952133194589,4.132841328413284,1.2452830188679245
2024-12-07 07:01:35+00:00,3.485952133194589,4.132841328413284,1.2452830188679245
2024-12-08 07:01:31+00:00,3.485952133194589,4.132841328413284,1.2452830188679245
2024-12-09 07:01:34+00:00,3.485952133194589,4.132841328413284,1.2452830188679245
2024-12-10 07:01:24+00:00,3.4963579604578565,4.145141451414514,1.2452830188679245
2024-12-11 07:01:42+00:00,3.4963579604578565,4.145141451414514,1.2452830188679245
2024-12-12 07:01:25+00:00,3.4963579604578565,4.145141451414514,1.2452830188679245
2024-12-13 07:01:32+00:00,3.4963579604578565,4.145141451414514,1.2452830188679245
2024-12-14 07:01:22+00:00,3.4963579604578565,4.157441574415744,1.2452830188679245
2024-12-15 07:02:25+00:00,3.4963579604578565,4.157441574415744,1.2452830188679245
2024-12-16 07:01:27+00:00,3.4963579604578565,4.157441574415744,1.2452830188679245
2024-12-17 07:01:25+00:00,3.5067637877211237,4.157441574415744,1.2452830188679245
2024-12-18 07:01:37+00:00,3.5067637877211237,4.157441574415744,1.2452830188679245
2024-12-19 07:01:36+00:00,3.5067637877211237,4.157441574415744,1.2452830188679245
2024-12-20 07:01:31+00:00,3.5067637877211237,4.157441574415744,1.2452830188679245
2024-12-21 07:01:25+00:00,3.5067637877211237,4.169741697416974,1.2452830188679245
2024-12-22 07:01:38+00:00,3.5171696149843914,4.169741697416974,1.2452830188679245
2024-12-23 07:01:28+00:00,3.5171696149843914,4.169741697416974,1.2452830188679245
2024-12-24 07:01:29+00:00,3.5171696149843914,4.169741697416974,1.2452830188679245
2024-12-25 07:01:37+00:00,3.5171696149843914,4.182041820418204,1.2547169811320755
2024-12-26 07:01:24+00:00,3.5275754422476586,4.194341943419434,1.2547169811320755
2024-12-27 07:01:25+00:00,3.5275754422476586,4.206642066420664,1.2547169811320755
2024-12-28 07:01:32+00:00,3.5275754422476586,4.206642066420664,1.2547169811320755
2024-12-29 07:01:29+00:00,3.5275754422476586,4.206642066420664,1.2547169811320755
2024-12-30 07:01:33+00:00,3.5379812695109263,4.206642066420664,1.2547169811320755
2024-12-31 07:01:30+00:00,3.5379812695109263,4.206642066420664,1.2547169811320755
2025-01-01 07:01:32+00:00,3.5379812695109263,4.206642066420664,1.2547169811320755
2025-01-01 16:01:52+00:00,3.5379812695109263,4.206642066420664,1.2547169811320755
2025-01-03 07:01:26+00:00,3.5483870967741935,4.218942189421894,1.2547169811320755
2025-01-04 07:01:24+00:00,3.5483870967741935,4.218942189421894,1.2547169811320755
2025-01-05 07:01:33+00:00,3.5483870967741935,4.231242312423125,1.2547169811320755
2025-01-06 07:01:30+00:00,3.5483870967741935,4.231242312423125,1.2547169811320755
2025-01-07 07:02:27+00:00,3.558792924037461,4.231242312423125,1.2547169811320755
2025-01-08 07:02:13+00:00,3.558792924037461,4.231242312423125,1.2547169811320755
2025-01-09 06:02:32+00:00,3.558792924037461,4.231242312423125,1.2547169811320755
2025-01-10 06:02:33+00:00,3.558792924037461,4.243542435424354,1.2547169811320755
2025-01-11 07:02:22+00:00,3.558792924037461,4.243542435424354,1.2547169811320755
2025-01-12 05:01:36+00:00,3.5691987513007284,4.255842558425584,1.2547169811320755
2025-01-13 07:02:21+00:00,3.5691987513007284,4.255842558425584,1.2547169811320755
2025-01-14 06:02:14+00:00,3.5691987513007284,4.268142681426815,1.2547169811320755
2025-01-15 06:02:21+00:00,3.5691987513007284,4.268142681426815,1.2547169811320755
2025-01-16 07:02:18+00:00,3.579604578563996,4.280442804428044,1.2547169811320755
2025-01-17 05:02:27+00:00,3.579604578563996,4.280442804428044,1.2547169811320755
2025-01-18 05:02:18+00:00,3.5900104058272633,4.280442804428044,1.2547169811320755
2025-01-19 06:01:43+00:00,3.5900104058272633,4.305043050430505,1.2641509433962264
2025-01-20 03:02:14+00:00,3.6004162330905305,4.305043050430505,1.2641509433962264
2025-01-21 05:02:15+00:00,3.6004162330905305,4.317343173431734,1.2641509433962264
2025-01-22 04:02:30+00:00,3.6004162330905305,4.329643296432964,1.2641509433962264
2025-01-23 04:02:23+00:00,3.610822060353798,4.329643296432964,1.2641509433962264
2025-01-24 06:02:35+00:00,3.610822060353798,4.329643296432964,1.2641509433962264
2025-01-25 04:01:41+00:00,3.610822060353798,4.341943419434195,1.2641509433962264
2025-01-26 05:02:16+00:00,3.631633714880333,4.378843788437885,1.2641509433962264
2025-01-27 05:02:27+00:00,3.6420395421436003,4.391143911439114,1.2641509433962264
2025-01-28 05:02:36+00:00,3.652445369406868,4.391143911439114,1.2641509433962264
2025-01-29 04:02:48+00:00,3.662851196670135,4.403444034440344,1.2641509433962264
2025-01-30 06:01:54+00:00,3.662851196670135,4.403444034440344,1.2641509433962264
2025-01-31 07:02:32+00:00,3.673257023933403,4.403444034440344,1.2641509433962264
2025-02-01 07:02:06+00:00,3.673257023933403,4.415744157441575,1.2641509433962264
2025-02-02 03:02:19+00:00,3.68366285119667,4.415744157441575,1.2641509433962264
2025-02-03 05:02:13+00:00,3.6940686784599377,4.415744157441575,1.2641509433962264
2025-02-04 05:01:49+00:00,3.704474505723205,4.415744157441575,1.2641509433962264
2025-02-05 06:01:34+00:00,3.704474505723205,4.428044280442805,1.2641509433962264
2025-02-06 07:01:37+00:00,3.7148803329864726,4.428044280442805,1.2641509433962264
2025-02-07 06:03:28+00:00,3.7148803329864726,4.428044280442805,1.2641509433962264
2025-02-08 06:03:36+00:00,3.72528616024974,4.428044280442805,1.2641509433962264
2025-02-09 07:02:46+00:00,3.7356919875130075,4.428044280442805,1.2641509433962264
2025-02-10 07:01:27+00:00,3.7356919875130075,4.428044280442805,1.2641509433962264
2025-02-11 06:02:47+00:00,3.7460978147762747,4.440344403444034,1.2641509433962264
2025-02-12 06:02:25+00:00,3.7460978147762747,4.440344403444034,1.2641509433962264
2025-02-13 04:01:40+00:00,3.7565036420395423,4.440344403444034,1.2641509433962264
2025-02-14 06:02:27+00:00,3.7565036420395423,4.440344403444034,1.2641509433962264
2025-02-15 06:02:20+00:00,3.7669094693028096,4.4526445264452645,1.2641509433962264
2025-02-16 05:02:17+00:00,3.777315296566077,4.4526445264452645,1.2641509433962264
2025-02-17 04:02:35+00:00,3.777315296566077,4.4526445264452645,1.2641509433962264
2025-02-18 03:02:20+00:00,3.777315296566077,4.4526445264452645,1.2641509433962264
2025-02-19 04:02:53+00:00,3.777315296566077,4.4526445264452645,1.2641509433962264
2025-02-20 06:02:33+00:00,3.7877211238293444,4.464944649446495,1.2641509433962264
2025-02-21 05:02:38+00:00,3.7877211238293444,4.464944649446495,1.2641509433962264
2025-02-22 05:02:22+00:00,3.7981269510926117,4.464944649446495,1.2641509433962264
2025-02-23 05:02:16+00:00,3.8085327783558793,4.464944649446495,
2025-02-24 05:04:59+00:00,3.8085327783558793,4.464944649446495,
2025-02-25 06:01:42+00:00,3.8189386056191466,4.464944649446495,
2025-02-26 06:02:23+00:00,3.8189386056191466,4.464944649446495,
2025-02-27 04:01:53+00:00,3.8189386056191466,4.477244772447724,
2025-02-28 05:02:38+00:00,3.829344432882414,4.477244772447724,
2025-03-01 03:02:25+00:00,3.829344432882414,4.477244772447724,1.2641509433962264
2025-03-02 04:02:19+00:00,3.8397502601456814,4.477244772447724,1.2641509433962264
2025-03-03 03:02:28+00:00,3.8397502601456814,4.477244772447724,1.2641509433962264
2025-03-04 02:02:38+00:00,3.8397502601456814,4.477244772447724,1.2641509433962264
2025-03-05 04:02:28+00:00,3.850156087408949,4.4895448954489545,1.2641509433962264
2025-03-06 05:02:17+00:00,3.850156087408949,4.4895448954489545,1.2641509433962264
2025-03-07 05:02:18+00:00,3.8605619146722163,4.501845018450185,1.2641509433962264
2025-03-08 06:02:13+00:00,3.8605619146722163,4.501845018450185,1.2641509433962264
2025-03-09 05:02:11+00:00,3.8605619146722163,4.501845018450185,1.2641509433962264
2025-03-10 04:01:35+00:00,3.8605619146722163,4.501845018450185,1.2641509433962264
2025-03-11 04:02:30+00:00,3.870967741935484,4.514145141451414,1.2641509433962264
2025-03-12 04:01:37+00:00,3.870967741935484,4.514145141451414,1.2641509433962264
2025-03-13 06:02:17+00:00,3.870967741935484,4.514145141451414,1.2641509433962264
2025-03-14 06:02:21+00:00,3.881373569198751,4.514145141451414,1.2641509433962264
2025-03-15 06:02:27+00:00,3.881373569198751,4.5264452644526445,1.2641509433962264
2025-03-16 06:01:39+00:00,3.891779396462019,4.5264452644526445,1.2641509433962264
2025-03-17 06:02:40+00:00,3.891779396462019,4.5264452644526445,1.2641509433962264
2025-03-18 06:02:31+00:00,3.902185223725286,4.5264452644526445,1.2641509433962264
2025-03-19 06:01:32+00:00,3.902185223725286,4.5264452644526445,1.2641509433962264
2025-03-20 06:02:25+00:00,3.902185223725286,4.538745387453875,1.2641509433962264
2025-03-21 06:02:16+00:00,3.902185223725286,4.538745387453875,1.2641509433962264
2025-03-22 06:01:29+00:00,3.9125910509885538,4.551045510455104,1.2735849056603774
2025-03-23 06:02:18+00:00,3.9125910509885538,4.551045510455104,1.2735849056603774
2025-03-24 06:02:29+00:00,3.922996878251821,4.5633456334563345,1.2735849056603774
2025-03-25 06:02:18+00:00,3.922996878251821,4.575645756457565,1.2735849056603774
2025-03-26 06:01:37+00:00,3.9334027055150886,4.587945879458794,1.2735849056603774
2025-03-27 06:02:37+00:00,3.9334027055150886,4.6002460024600245,1.2735849056603774
2025-03-28 06:01:38+00:00,3.943808532778356,4.6002460024600245,1.2735849056603774
2025-03-29 06:02:23+00:00,3.943808532778356,4.624846248462485,1.2735849056603774
2025-03-30 06:02:31+00:00,3.943808532778356,4.624846248462485,1.2735849056603774
2025-03-31 06:02:22+00:00,3.9542143600416235,4.649446494464945,1.2735849056603774
2025-04-01 06:02:30+00:00,3.9542143600416235,4.661746617466175,1.2735849056603774
2025-04-02 06:01:49+00:00,3.9646201873048907,4.674046740467404,1.2735849056603774
2025-04-03 06:02:23+00:00,3.9646201873048907,4.698646986469865,1.2735849056603774
2025-04-04 06:02:34+00:00,3.9646201873048907,4.710947109471094,1.2735849056603774
2025-04-05 06:01:52+00:00,3.975026014568158,4.723247232472325,1.2735849056603774
2025-04-06 06:02:33+00:00,3.975026014568158,4.723247232472325,1.2735849056603774
2025-04-07 06:03:21+00:00,3.9854318418314256,4.735547355473555,1.2735849056603774
2025-04-08 06:01:59+00:00,3.9854318418314256,4.747847478474784,
2025-04-09 06:02:23+00:00,3.9854318418314256,4.760147601476015,
2025-04-10 06:01:57+00:00,3.9854318418314256,4.772447724477245,
2025-04-11 06:02:50+00:00,3.995837669094693,4.772447724477245,
2025-04-12 06:02:22+00:00,3.995837669094693,4.784747847478474,
2025-04-13 06:02:04+00:00,3.995837669094693,4.784747847478474,
2025-04-14 06:01:39+00:00,4.0062434963579605,4.797047970479705,
2025-04-15 06:03:21+00:00,4.0062434963579605,4.797047970479705,
2025-04-16 06:01:40+00:00,4.0062434963579605,4.797047970479705,
2025-04-17 06:02:15+00:00,4.0062434963579605,4.797047970479705,
2025-04-18 06:02:15+00:00,4.0062434963579605,4.809348093480935,
2025-04-19 06:02:20+00:00,4.016649323621228,4.809348093480935,
2025-04-20 06:02:24+00:00,4.016649323621228,4.809348093480935,
2025-04-21 06:02:23+00:00,4.016649323621228,4.809348093480935,
2025-04-22 06:01:54+00:00,4.016649323621228,4.821648216482165,
2025-04-23 06:02:20+00:00,4.016649323621228,4.821648216482165,
2025-04-24 06:02:16+00:00,4.016649323621228,4.821648216482165,
2025-04-25 06:02:29+00:00,4.027055150884495,4.821648216482165,
2025-04-26 06:02:18+00:00,4.027055150884495,4.821648216482165,
2025-04-27 06:02:19+00:00,4.037460978147763,4.833948339483395,
2025-04-28 06:02:37+00:00,4.037460978147763,4.833948339483395,
2025-04-29 06:01:46+00:00,4.037460978147763,4.833948339483395,
2025-04-30 06:02:34+00:00,4.04786680541103,4.833948339483395,
2025-05-01 06:02:33+00:00,4.04786680541103,4.833948339483395,
2025-05-02 06:02:22+00:00,4.04786680541103,4.833948339483395,
2025-05-03 06:02:11+00:00,4.0582726326742975,4.833948339483395,
2025-05-04 06:02:44+00:00,4.0582726326742975,4.846248462484625,
2025-05-05 06:01:56+00:00,4.068678459937565,4.846248462484625,
2025-05-06 06:02:19+00:00,4.068678459937565,4.846248462484625,
2025-05-07 06:02:25+00:00,4.068678459937565,4.846248462484625,
2025-05-08 06:02:24+00:00,4.068678459937565,4.846248462484625,
2025-05-09 06:03:38+00:00,4.079084287200833,4.858548585485855,
2025-05-10 06:01:44+00:00,4.079084287200833,4.858548585485855,
2025-05-11 06:02:30+00:00,4.0894901144641,4.858548585485855,
2025-05-12 06:02:14+00:00,4.0894901144641,4.858548585485855,
2025-05-13 06:02:33+00:00,4.099895941727367,4.858548585485855,
2025-05-14 06:01:34+00:00,4.099895941727367,4.858548585485855,
2025-05-15 06:01:32+00:00,4.099895941727367,4.858548585485855,
2025-05-16 06:01:34+00:00,4.1103017689906345,4.870848708487085,
2025-05-17 06:02:20+00:00,4.1103017689906345,4.870848708487085,
2025-05-18 06:01:37+00:00,4.120707596253903,4.870848708487085,
2025-05-19 06:02:17+00:00,4.120707596253903,4.870848708487085,
2025-05-20 06:04:17+00:00,4.120707596253903,4.870848708487085,
2025-05-21 06:01:36+00:00,4.120707596253903,4.870848708487085,
2025-05-22 06:01:42+00:00,4.13111342351717,4.870848708487085,
2025-05-23 06:02:22+00:00,4.13111342351717,4.870848708487085,
2025-05-24 06:02:25+00:00,4.13111342351717,4.883148831488315,
2025-05-25 06:02:14+00:00,4.13111342351717,4.883148831488315,
2025-05-26 06:01:37+00:00,4.141519250780437,4.883148831488315,
2025-05-27 06:02:17+00:00,4.141519250780437,4.883148831488315,
2025-05-28 06:02:56+00:00,4.141519250780437,4.883148831488315,
2025-05-29 06:04:57+00:00,4.141519250780437,4.895448954489545,
2025-05-30 06:01:39+00:00,4.151925078043704,4.895448954489545,
2025-05-31 06:01:51+00:00,4.151925078043704,4.895448954489545,
2025-06-01 06:03:30+00:00,4.151925078043704,4.895448954489545,
2025-06-02 06:02:09+00:00,4.1623309053069715,,
2025-06-03 06:02:26+00:00,4.1623309053069715,,
2025-06-04 06:02:25+00:00,4.17273673257024,,
2025-06-05 06:01:35+00:00,4.17273673257024,,
